county_fips,candidatevotes,totalvotes
1001,19838,27770
1003,83544,109679
1005,5622,10518
1007,7525,9595
1009,24711,27588
1011,1146,4613
1013,5458,9488
1015,35101,50983
1017,8753,15284
1019,10583,12301
1021,16085,19310
1023,4296,7464
1025,7324,13135
1027,5601,6930
1029,6484,7227
1031,16899,22275
1033,19203,27886
1035,3442,6441
1037,3631,5479
1039,14586,17430
1041,4864,6617
1043,36880,41851
1045,14303,19738
1047,5524,17864
1049,24767,29356
1051,30164,41030
1053,10869,15910
1055,35528,47728
1057,7300,8766
1059,10376,12578
1061,10848,12545
1063,875,4775
1065,3192,7900
1067,6607,9298
1069,32618,46173
1071,19670,23636
1073,138843,325848
1075,6174,7193
1077,31721,44339
1079,12322,16031
1081,42221,71449
1083,34640,49235
1085,1836,6835
1087,1541,8723
1089,102780,194767
1091,5343,10900
1093,12205,13807
1095,33191,39655
1097,101243,183164
1099,6147,10668
1101,33311,99139
1103,39664,53722
1105,1339,5230
1107,5594,9668
1109,8042,13841
1111,8559,10837
1113,9864,21329
1115,36166,44441
1117,79700,114950
1119,1598,6291
1121,22235,35663
1123,14963,20991
1125,51117,90172
1127,26002,31170
1129,6564,8876
1131,1833,5903
1133,10195,11284
2001,3511,7314
2002,3674,6136
2003,6076,8385
2004,4690,10511
2005,4077,8654
2006,5770,9460
2007,7027,9622
2008,7618,9912
2009,7787,10993
2010,8081,11205
2011,7096,10628
2012,7893,11238
2013,4652,7713
2014,6714,11443
2015,2671,5559
2016,3516,8118
2017,2810,7239
2018,2760,7720
2019,1975,5301
2020,2383,7497
2021,3690,9429
2022,4684,9520
2023,3655,7739
2024,5378,10428
2025,4407,9325
2026,5243,10111
2027,4324,9506
2028,6162,12749
2029,7464,10747
2030,7180,10176
2031,6971,12410
2032,4440,8335
2033,3059,10955
2034,4543,10729
2035,4769,10102
2036,5114,9292
2037,2358,5142
2038,1737,5299
2039,1939,5891
2040,1994,4603
2099,59,433
4001,7262,35172
4001,4053,35172
4001,127,35172
4003,25934,60442
4003,7714,60442
4003,1909,60442
4005,20311,73272
4005,6446,73272
4005,295,73272
4007,15005,27662
4007,3260,27662
4007,112,27662
4009,7289,14995
4009,3314,14995
4009,146,14995
4011,1571,3685
4011,840,3685
4011,22,3685
4012,2936,7458
4012,1606,7458
4012,587,7458
4013,889400,2068144
4013,103086,2068144
4013,3179,2068144
4015,56914,104668
4015,20938,104668
4015,683,104668
4017,18787,51767
4017,8722,51767
4017,148,51767
4019,165747,520397
4019,33667,520397
4019,8344,520397
4021,80293,184974
4021,26277,184974
4021,507,184974
4023,4279,19556
4023,1879,19556
4023,36,19556
4025,76416,143221
4025,14845,143221
4025,266,143221
4027,30226,69881
4027,5651,69881
4027,657,69881
5001,145,6292
5001,3658,6292
5001,500,6292
5001,1,6292
5003,286,7926
5003,4018,7926
5003,1232,7926
5003,12,7926
5005,1160,21007
5005,12136,21007
5005,2540,21007
5005,0,21007
5007,5400,119912
5007,56966,119912
5007,11599,119912
5007,0,119912
5009,711,17114
5009,9235,17114
5009,3700,17114
5009,6,17114
5011,117,3654
5011,1444,3654
5011,772,3654
5011,2,3654
5013,72,2182
5013,958,2182
5013,582,2182
5013,24,2182
5015,627,11797
5015,4862,11797
5015,1892,11797
5015,43,11797
5017,183,4103
5017,1207,4103
5017,362,4103
5017,0,4103
5019,280,8395
5019,3076,8395
5019,1249,8395
5019,11,8395
5021,133,5183
5021,954,5183
5021,2981,5183
5021,18,5183
5023,423,12680
5023,6289,12680
5023,3581,12680
5023,35,12680
5025,84,3600
5025,1570,3600
5025,1168,3600
5025,45,3600
5027,294,8616
5027,4419,8616
5027,756,8616
5027,31,8616
5029,282,8685
5029,3358,8685
5029,2054,8685
5029,0,8685
5031,1321,38511
5031,17156,38511
5031,7036,38511
5031,45,38511
5033,964,24091
5033,13335,24091
5033,4268,24091
5033,40,24091
5035,287,16367
5035,5895,16367
5035,1072,16367
5035,79,16367
5037,161,6942
5037,3791,6942
5037,976,6942
5037,18,6942
5039,44,2649
5039,884,2649
5039,645,2649
5039,0,2649
5041,124,4164
5041,1379,4164
5041,414,4164
5041,4,4164
5043,273,6908
5043,3126,6908
5043,950,6908
5043,0,6908
5045,1332,54428
5045,27934,54428
5045,5072,54428
5045,83,54428
5047,208,7129
5047,4101,7129
5047,1355,7129
5047,13,7129
5049,157,5119
5049,2493,5119
5049,1294,5119
5049,17,5119
5051,1880,44199
5051,22991,44199
5051,4080,44199
5051,118,44199
5053,248,8200
5053,4674,8200
5053,1869,8200
5053,3,8200
5055,436,16100
5055,9917,16100
5055,2298,16100
5055,19,16100
5057,324,6848
5057,2514,6848
5057,1632,6848
5057,0,6848
5059,385,12557
5059,7204,12557
5059,1589,12557
5059,24,12557
5061,175,4834
5061,2393,4834
5061,799,4834
5061,0,4834
5063,445,14512
5063,7943,14512
5063,2862,14512
5063,0,14512
5065,226,5810
5065,2985,5810
5065,1404,5810
5065,16,5810
5067,108,5091
5067,2249,5091
5067,1228,5091
5067,8,5091
5069,491,25158
5069,4482,25158
5069,4527,25158
5069,21,25158
5071,371,9498
5071,4148,9498
5071,2348,9498
5071,71,9498
5073,157,2679
5073,1197,2679
5073,379,2679
5073,24,2679
5075,188,5857
5075,2844,5857
5075,1537,5857
5075,0,5857
5077,72,2848
5077,802,2848
5077,412,2848
5077,0,2848
5079,124,3875
5079,1504,3875
5079,1097,3875
5079,4,3875
5081,136,5177
5081,2778,5177
5081,800,5177
5081,1,5177
5083,223,8225
5083,4229,8225
5083,1986,8225
5083,3,8225
5085,907,30662
5085,18811,30662
5085,3151,30662
5085,15,30662
5087,289,7351
5087,2923,7351
5087,2446,7351
5087,0,7351
5089,376,7503
5089,3623,7503
5089,1730,7503
5089,54,7503
5091,338,16529
5091,8789,16529
5091,2792,16529
5091,1,16529
5093,231,12342
5093,5042,12342
5093,2008,12342
5093,15,12342
5095,91,2816
5095,917,2816
5095,536,2816
5095,1,2816
5097,173,3873
5097,1935,3873
5097,938,3873
5097,0,3873
5099,145,3358
5099,1130,3358
5099,858,3358
5099,0,3358
5101,144,3998
5101,1396,3998
5101,1608,3998
5101,44,3998
5103,399,9629
5103,3686,9629
5103,990,9629
5103,219,9629
5105,84,4627
5105,2337,4627
5105,1047,4627
5105,11,4627
5107,80,6242
5107,1228,6242
5107,1085,6242
5107,24,6242
5109,142,4246
5109,2511,4246
5109,861,4246
5109,5,4246
5111,149,7521
5111,3135,7521
5111,2568,7521
5111,66,7521
5113,377,8490
5113,4739,8490
5113,1902,8490
5113,17,8490
5115,930,24432
5115,14281,24432
5115,2870,24432
5115,0,24432
5117,62,3495
5117,1510,3495
5117,1192,3495
5117,22,3495
5119,5859,169956
5119,40576,169956
5119,16917,169956
5119,335,169956
5121,218,6812
5121,3714,6812
5121,1411,6812
5121,12,6812
5123,128,7108
5123,1979,7108
5123,1135,7108
5123,0,7108
5125,1852,56959
5125,30778,56959
5125,6926,56959
5125,0,56959
5127,129,3551
5127,1593,3551
5127,1240,3551
5127,0,3551
5129,142,4019
5129,2233,4019
5129,990,4019
5129,0,4019
5131,1601,47140
5131,22808,47140
5131,6789,47140
5131,0,47140
5133,164,5202
5133,2368,5202
5133,1343,5202
5133,9,5202
5135,311,7566
5135,4208,7566
5135,1414,7566
5135,5,7566
5137,197,5938
5137,2888,5938
5137,1531,5938
5137,0,5938
5139,543,16607
5139,5398,16607
5139,4505,16607
5139,32,16607
5141,315,7807
5141,4350,7807
5141,1297,7807
5141,72,7807
5143,3894,94266
5143,31520,94266
5143,12090,94266
5143,0,94266
5145,1032,30885
5145,15954,30885
5145,7196,30885
5145,0,30885
5147,46,2476
5147,771,2476
5147,726,2476
5147,0,2476
5149,181,6741
5149,3507,6741
5149,1518,6741
5149,20,6741
6001,136309,770070
6003,244,741
6005,13585,22304
6007,48730,102066
6009,16518,27164
6011,4559,7961
6013,152877,581316
6015,6461,11453
6017,61838,116159
6019,164464,364917
6021,7063,11297
6023,21770,68843
6025,20847,56743
6027,4620,9484
6029,164484,305292
6031,24072,43861
6033,13123,28812
6035,8970,11987
6037,1145530,4264365
6039,29378,53732
6041,24612,155830
6043,5950,10280
6045,13267,43340
6047,39397,90554
6049,3109,4343
6051,2513,6738
6053,46299,163923
6055,20676,72150
6057,26779,64750
6059,676498,1522113
6061,122488,235084
6063,6445,11260
6065,449144,997156
6067,259405,718440
6069,10590,28830
6071,366257,841130
6073,600094,1602143
6075,56417,443553
6077,121098,288492
6079,67436,159714
6081,75584,374251
6083,65736,200339
6085,214612,850741
6087,26937,144837
6089,60789,92930
6091,1142,1931
6093,13290,23472
6095,69306,205877
6097,61825,268317
6099,104145,214954
6101,24375,42644
6103,19141,28731
6105,3188,6259
6107,77579,146885
6109,17689,30408
6111,162207,422825
6113,27292,97294
6115,17676,29796
8001,95657,236740
8003,3813,7808
8005,127323,350183
8007,5189,9144
8009,1867,2225
8011,1503,2274
8013,42501,206111
8014,16295,46632
8015,6222,13718
8017,993,1136
8019,2754,6548
8021,2286,4333
8023,741,2094
8025,1271,1750
8027,2474,3635
8029,13081,19370
8031,71618,393829
8033,1089,1449
8035,121270,231605
8037,9892,29140
8039,14027,18983
8041,202828,378851
8043,17517,25557
8045,14717,30904
8047,1833,4186
8049,4883,9870
8051,3735,11190
8053,353,632
8055,2203,4406
8057,681,876
8059,148417,377358
8061,795,903
8063,3144,3871
8065,1497,3961
8067,14233,35667
8069,91489,224338
8071,4284,7961
8073,2135,2651
8075,8087,10532
8077,56894,90623
8079,427,756
8081,5670,7026
8083,9306,15500
8085,16770,24922
8087,9593,13744
8089,5756,9576
8091,1577,4020
8093,6991,12291
8095,1958,2485
8097,2780,11957
8099,4008,5561
8101,42252,88301
8103,3061,3691
8105,3660,6305
8107,5925,16876
8109,1413,3389
8111,202,562
8113,1136,5147
8115,1121,1446
8117,5322,18479
8119,11241,16939
8121,2595,3008
8123,96145,166974
8125,4107,4981
9001,168445,472396
9003,159024,449336
9005,55601,107544
9007,40665,99198
9009,169893,417983
9011,57110,139604
9013,34838,80714
9015,29141,57082
10001,41009,87025
10003,88364,287633
10005,71230,129352
11001,18586,344356
12001,50972,142604
12003,11911,14059
12005,66097,93024
12007,10334,13632
12009,207883,360764
12011,333409,957672
12013,5274,6526
12015,73243,116340
12017,65352,93208
12019,84480,124405
12021,128950,207818
12023,23836,33042
12027,8313,12659
12029,6759,8167
12031,233762,492820
12033,96674,170372
12035,43043,71716
12037,4675,6849
12039,7465,23762
12041,7895,9685
12043,3782,5193
12045,6113,8163
12047,3815,5830
12049,6122,8485
12051,7906,12940
12053,70412,108922
12055,34873,52170
12057,327398,712063
12059,8080,9068
12061,58872,97484
12063,15488,22419
12065,4479,8451
12067,3128,3658
12069,125859,211314
12071,233247,393899
12073,57453,162929
12075,16749,23145
12077,2846,3561
12079,5576,9380
12081,124987,216958
12083,127826,204376
12085,61168,98726
12086,532833,1156816
12087,25693,48029
12089,42566,58811
12091,79798,116373
12093,11470,15954
12095,245398,647403
12097,73480,172436
12099,334711,773158
12101,179621,301970
12103,276209,559715
12105,194586,343256
12107,25514,36373
12109,110946,176622
12111,86831,172169
12113,77385,106928
12115,148370,270575
12117,125241,260815
12119,62761,92485
12121,16410,21057
12123,7751,10127
12125,5133,6245
12127,173821,307439
12129,12874,18404
12131,32947,43711
12133,9876,12327
13001,890,8341
13001,3874,8341
13001,1753,8341
13001,9,8341
13003,164,3155
13003,1419,3155
13003,716,3155
13003,1,3155
13005,487,4668
13005,3099,4668
13005,431,4668
13005,1,4668
13007,138,1555
13007,466,1555
13007,291,1555
13007,2,1555
13009,1290,18251
13009,5736,18251
13009,1873,18251
13009,4,18251
13011,1025,8801
13011,5116,8801
13011,1644,8801
13011,10,8801
13013,4134,37921
13013,16782,37921
13013,5885,37921
13013,3,37921
13015,5976,50467
13015,21499,50467
13015,10179,50467
13015,20,50467
13017,528,6560
13017,3140,6560
13017,441,6560
13017,1,6560
13019,749,7743
13019,3825,7743
13019,1835,7743
13019,10,7743
13021,5375,70802
13021,13234,70802
13021,7922,70802
13021,54,70802
13023,614,5706
13023,2770,5706
13023,942,5706
13023,2,5706
13025,685,7746
13025,4307,7746
13025,1992,7746
13025,7,7746
13027,519,7100
13027,2312,7100
13027,1423,7100
13027,6,7100
13029,1588,21340
13029,10072,21340
13029,2579,21340
13029,5,21340
13031,2800,30084
13031,8910,30084
13031,6653,30084
13031,23,30084
13033,649,10684
13033,2802,10684
13033,1949,10684
13033,0,10684
13035,1137,11771
13035,6443,11771
13035,824,11771
13035,2,11771
13037,150,2194
13037,494,2194
13037,279,2194
13037,0,2194
13039,2161,23688
13039,9465,23688
13039,3621,23688
13039,4,23688
13043,375,4431
13043,2327,4431
13043,431,4431
13043,0,4431
13045,4699,54474
13045,21676,54474
13045,11071,54474
13045,30,54474
13047,2952,32593
13047,17025,32593
13047,5170,32593
13047,20,32593
13049,397,4566
13049,1896,4566
13049,1124,4566
13049,2,4566
13051,11781,133420
13051,23014,133420
13051,18346,133420
13051,96,133420
13053,132,1582
13053,455,1582
13053,291,1582
13053,2,1582
13055,1102,10050
13055,4492,10050
13055,2464,10050
13055,6,10050
13057,19639,144830
13057,56171,144830
13057,23758,144830
13057,19,144830
13059,4048,51333
13059,6974,51333
13059,3409,51333
13059,15,51333
13061,105,1434
13061,401,1434
13061,131,1434
13061,0,1434
13063,4366,112344
13063,7988,112344
13063,3403,112344
13063,56,112344
13065,209,2864
13065,1277,2864
13065,618,2864
13065,1,2864
13067,50764,393746
13067,76907,393746
13067,37609,393746
13067,179,393746
13069,917,15214
13069,7066,15214
13069,2587,15214
13069,8,15214
13071,1365,16083
13071,6132,16083
13071,4270,16083
13071,10,16083
13073,7023,80579
13073,29643,80579
13073,13300,80579
13073,47,80579
13075,486,7035
13075,3301,7035
13075,1113,7035
13075,0,7035
13077,9400,76799
13077,23824,76799
13077,18273,76799
13077,4,76799
13079,562,6102
13079,2713,6102
13079,1152,6102
13079,1,6102
13081,780,8039
13081,3227,8039
13081,977,8039
13081,3,8039
13083,635,7434
13083,3414,7434
13083,2010,7434
13083,7,7434
13085,1964,16081
13085,9095,16081
13085,2336,16081
13085,3,16081
13087,832,11627
13087,4451,11627
13087,1469,11627
13087,6,11627
13089,16078,370804
13089,29966,370804
13089,12126,370804
13089,203,370804
13091,711,8070
13091,2793,8070
13091,2335,8070
13091,4,8070
13093,259,4105
13093,1431,4105
13093,466,4105
13093,3,4105
13095,2355,35311
13095,3818,35311
13095,4259,35311
13095,22,35311
13097,5434,69097
13097,15139,69097
13097,4863,69097
13097,15,69097
13099,416,5187
13099,1504,5187
13099,799,5187
13099,3,5187
13101,121,1441
13101,909,1441
13101,226,1441
13101,0,1441
13103,2520,31570
13103,13471,31570
13103,7350,31570
13103,17,31570
13105,981,9171
13105,3408,9171
13105,1837,9171
13105,0,9171
13107,896,9501
13107,3126,9501
13107,2528,9501
13107,1,9501
13109,491,4247
13109,1926,4247
13109,471,4247
13109,0,4247
13111,2253,14850
13111,5730,14850
13111,4163,14850
13111,23,14850
13113,7382,71993
13113,24162,71993
13113,6352,71993
13113,56,71993
13115,4436,41648
13115,16678,41648
13115,7897,41648
13115,112,41648
13117,14612,129305
13117,60739,129305
13117,9740,129305
13117,31,129305
13119,1404,10765
13119,5364,10765
13119,2299,10765
13119,2,10765
13121,29479,524659
13121,87293,524659
13121,19552,524659
13121,916,524659
13123,2183,16525
13123,6863,16525
13123,4371,16525
13123,12,16525
13125,205,1566
13125,795,1566
13125,403,1566
13125,0,1566
13127,4388,41984
13127,16492,41984
13127,4701,41984
13127,35,41984
13129,2538,24033
13129,9866,24033
13129,6986,24033
13129,15,24033
13131,1103,10707
13131,3896,10707
13131,2028,10707
13131,7,10707
13133,1275,11247
13133,4947,11247
13133,844,11247
13133,2,11247
13135,40396,413865
13135,90472,413865
13135,35271,413865
13135,274,413865
13137,2905,20432
13137,11083,20432
13137,2628,20432
13137,21,20432
13139,12005,90523
13139,40999,90523
13139,11111,90523
13139,55,90523
13141,244,4165
13141,641,4165
13141,274,4165
13141,0,4165
13143,1786,14248
13143,6224,14248
13143,4317,14248
13143,4,14248
13145,2087,19991
13145,6627,19991
13145,5592,19991
13145,13,19991
13147,1437,12727
13147,5687,12727
13147,2338,12727
13147,2,12727
13149,677,5391
13149,2197,5391
13149,1641,5391
13149,1,5391
13151,8134,122742
13151,31879,122742
13151,8143,122742
13151,31,122742
13153,8163,74823
13153,21677,74823
13153,11644,74823
13153,50,74823
13155,369,4168
13155,2106,4168
13155,655,4168
13155,4,4168
13157,4395,37670
13157,20135,37670
13157,4961,37670
13157,6,37670
13159,808,7644
13159,3455,7644
13159,1547,7644
13159,12,7644
13161,528,5771
13161,2749,5771
13161,1418,5771
13161,0,5771
13163,446,7642
13163,1992,7642
13163,1096,7642
13163,3,7642
13165,335,3455
13165,1244,3455
13165,579,3455
13165,3,3455
13167,331,4100
13167,1748,4100
13167,771,4100
13167,0,4100
13169,1272,14966
13169,5666,14966
13169,3023,14966
13169,4,14966
13171,807,9039
13171,3772,9039
13171,1743,9039
13171,8,9039
13173,250,3576
13173,1778,3576
13173,481,3576
13173,0,3576
13175,2351,22729
13175,6479,22729
13175,5660,22729
13175,3,22729
13177,1221,16714
13177,7728,16714
13177,3054,16714
13177,4,16714
13179,1311,21389
13179,4941,21389
13179,1704,21389
13179,3,21389
13181,442,4650
13181,1832,4650
13181,904,4650
13181,1,4650
13183,290,5656
13183,2102,5656
13183,1126,5656
13183,10,5656
13185,3379,46355
13185,16795,46355
13185,5351,46355
13185,166,46355
13187,2022,15531
13187,8138,15531
13187,2002,15531
13187,1,15531
13189,898,10455
13189,4445,10455
13189,826,10455
13189,0,10455
13191,834,6696
13191,2371,6696
13191,810,6696
13191,1,6696
13193,139,4662
13193,1296,4662
13193,348,4662
13193,0,4662
13195,1718,14937
13195,6103,14937
13195,3502,14937
13195,3,14937
13197,295,3624
13197,1221,3624
13197,759,3624
13197,0,3624
13199,980,10877
13199,3312,10877
13199,2230,10877
13199,2,10877
13201,264,2835
13201,1269,2835
13201,530,2835
13201,3,2835
13205,681,8963
13205,2701,8963
13205,1551,8963
13205,2,8963
13207,1062,15592
13207,6890,15592
13207,3102,15592
13207,6,15592
13209,356,3966
13209,1495,3966
13209,1109,3966
13209,0,3966
13211,938,11707
13211,5424,11707
13211,1865,11707
13211,3,11707
13213,1361,15389
13213,7689,15389
13213,3893,15389
13213,0,15389
13215,6399,80543
13215,17106,80543
13215,6527,80543
13215,17,80543
13217,4860,54239
13217,8103,54239
13217,10888,54239
13217,18,54239
13219,2696,25168
13219,11216,25168
13219,2680,25168
13219,3,25168
13221,946,8131
13221,3584,8131
13221,1061,8131
13221,2,8131
13223,9582,85385
13223,35174,85385
13223,9710,85385
13223,59,85385
13225,810,12545
13225,4728,12545
13225,954,12545
13225,10,12545
13227,1786,17116
13227,6287,17116
13227,5994,17116
13227,8,17116
13229,923,9048
13229,5768,9048
13229,1208,9048
13229,0,9048
13231,919,10720
13231,5864,10720
13231,2341,10720
13231,3,10720
13233,1707,17399
13233,9021,17399
13233,2849,17399
13233,12,17399
13235,313,4059
13235,2155,4059
13235,336,4059
13235,1,4059
13237,1760,11855
13237,4983,11855
13237,1547,11855
13237,1,11855
13239,88,1106
13239,353,1106
13239,163,1106
13239,0,1106
13241,1663,9568
13241,4604,9568
13241,1207,9568
13241,0,9568
13243,214,3074
13243,856,3074
13243,321,3074
13243,0,3074
13245,6233,87016
13245,11931,87016
13245,8584,87016
13245,33,87016
13247,3005,44686
13247,7466,44686
13247,2526,44686
13247,15,44686
13249,154,2275
13249,1341,2275
13249,304,2275
13249,1,2275
13251,505,6628
13251,2140,6628
13251,1260,6628
13251,11,6628
13253,277,3884
13253,1390,3884
13253,944,3884
13253,0,3884
13255,3490,30116
13255,8801,30116
13255,5234,30116
13255,532,30116
13257,1365,11885
13257,6765,11885
13257,1234,11885
13257,4,11885
13259,105,1990
13259,462,1990
13259,229,1990
13259,5,1990
13261,837,12150
13261,3358,12150
13261,1524,12150
13261,13,12150
13263,241,3522
13263,686,3522
13263,464,3522
13263,1,3522
13265,64,928
13265,200,928
13265,96,928
13265,0,928
13267,818,8183
13267,3699,8183
13267,1536,8183
13267,0,8183
13269,292,3839
13269,1764,3839
13269,349,3839
13269,13,3839
13271,358,4333
13271,1506,4333
13271,958,4333
13271,3,4333
13273,270,4416
13273,1069,4416
13273,665,4416
13273,0,4416
13275,1670,21853
13275,8565,21853
13275,2718,21853
13275,1,21853
13277,1221,16283
13277,6833,16283
13277,2721,16283
13277,9,16283
13279,1217,10914
13279,4852,10914
13279,1797,10914
13279,6,10914
13281,1227,7979
13281,4165,7979
13281,984,7979
13281,8,7979
13283,274,3077
13283,1409,3077
13283,418,3077
13283,0,3077
13285,2905,30049
13285,10519,30049
13285,4673,30049
13285,46,30049
13287,233,3792
13287,1738,3792
13287,377,3792
13287,1,3792
13289,310,4444
13289,1219,4444
13289,841,4444
13289,0,4444
13291,2232,15560
13291,7008,15560
13291,3400,15560
13291,11,15560
13293,1175,12905
13293,6063,12905
13293,1364,12905
13293,6,12905
13295,3517,29354
13295,14089,29354
13295,5560,29354
13295,8,29354
13297,6031,51095
13297,22594,51095
13297,9202,51095
13297,15,51095
13299,1368,14192
13299,5900,14192
13299,2577,14192
13299,20,14192
13301,205,2651
13301,771,2651
13301,190,2651
13301,0,2651
13303,719,9459
13303,2458,9459
13303,1481,9459
13303,5,9459
13305,1354,12778
13305,6131,12778
13305,2495,12778
13305,7,12778
13307,121,1390
13307,488,1390
13307,139,1390
13307,0,1390
13309,202,2285
13309,943,2285
13309,438,2285
13309,0,2285
13311,2088,14816
13311,6680,14816
13311,3448,14816
13311,6,14816
13313,3544,36746
13313,13084,36746
13313,8963,36746
13313,45,36746
13315,343,3281
13315,1317,3281
13315,743,3281
13315,0,3281
13317,467,5029
13317,1649,5029
13317,704,5029
13317,3,5029
13319,259,4770
13319,1109,4770
13319,1293,4770
13319,3,4770
13321,766,9285
13321,3285,9285
13321,2779,9285
13321,0,9285
15001,26897,87814
15003,136250,382102
15007,11582,33497
15009,22126,71044
16001,130699,259389
16003,1941,2586
16005,23331,39553
16007,2914,3315
16009,3878,4973
16011,15295,19996
16013,4032,13289
16015,3485,4820
16017,18369,27335
16019,37805,53995
16021,4937,6313
16023,1202,1415
16025,507,754
16027,61759,90410
16029,2906,3416
16031,7907,9629
16033,264,311
16035,3453,4419
16037,2089,2739
16039,7246,10205
16041,5845,6664
16043,5548,6719
16045,7951,9958
16047,4659,6050
16049,7826,9602
16051,12099,14173
16053,5734,7812
16055,62837,89467
16057,9472,20570
16059,3592,4738
16061,1489,1870
16063,1469,1940
16065,13559,17112
16067,6265,7993
16069,13738,20967
16071,2148,2451
16073,3819,4742
16075,8862,11293
16077,2116,3074
16079,4216,6049
16081,2858,6347
16083,25897,36501
16085,3947,7063
16087,4154,5344
17001,24220,33527
17003,1486,2618
17005,5625,8145
17007,13883,24979
17009,1931,2521
17011,10411,17434
17013,2046,2772
17015,5105,8024
17017,3625,5317
17019,35285,95142
17021,11563,16204
17023,6226,8356
17025,5629,6886
17027,14304,19170
17029,14037,22606
17031,558269,2321486
17033,7043,9425
17035,4601,5832
17037,21905,47825
17039,5632,8024
17041,6227,8738
17043,193611,485104
17045,6193,8196
17047,2833,3366
17049,15006,19049
17051,8055,10056
17053,5048,6953
17055,13622,18626
17057,9867,16678
17059,2019,2674
17061,4770,6227
17063,16523,26691
17065,3432,4315
17067,6906,9383
17069,1691,2162
17071,2394,3647
17073,15300,25635
17075,10877,14025
17077,10890,22643
17079,4494,5576
17081,12476,17404
17083,8712,11937
17085,7166,12496
17087,5059,6437
17089,96775,231876
17091,28532,49902
17093,29492,63974
17095,12009,23143
17097,123594,334177
17099,30113,53591
17101,4886,6411
17103,9630,16397
17105,12208,17174
17107,9136,13294
17109,7027,12285
17111,82260,163879
17113,40502,87002
17115,28589,49390
17117,16153,24022
17119,76031,137139
17121,12678,17458
17123,4197,6334
17125,4654,6766
17127,4997,6813
17129,4764,6928
17131,5418,8893
17133,14142,21148
17135,9544,13727
17137,9950,15309
17139,4964,6744
17141,16248,26272
17143,38252,83973
17145,7313,10053
17147,6248,9822
17149,6332,7949
17151,1722,2175
17153,1699,2624
17155,1993,3390
17157,11076,14891
17159,6089,8063
17161,28603,66758
17163,57150,128091
17165,8103,11066
17167,53485,104752
17169,2773,3906
17171,2114,2737
17173,9426,12097
17175,2004,2883
17177,12521,22048
17179,42513,69052
17181,6161,8886
17183,20725,31584
17185,4237,5593
17187,4676,7909
17189,6115,7902
17191,7176,8486
17193,5791,7421
17195,14527,27375
17197,155116,345105
17199,22801,33653
17201,60861,127709
17203,14799,21432
18001,10686,14209
18003,92083,169082
18005,22410,36235
18007,3007,4114
18009,3841,5351
18011,22351,38520
18013,5777,8981
18015,7086,9495
18017,10552,15198
18019,33668,57869
18021,9499,12267
18023,9334,12949
18025,3483,4944
18027,9576,11954
18029,19528,25383
18031,9575,12287
18033,14237,19628
18035,26827,48191
18037,15033,21770
18039,46972,74387
18041,7755,10136
18043,23400,41802
18045,6154,7986
18047,9691,12000
18049,6694,9147
18051,11817,16161
18053,18543,27159
18055,11103,14784
18057,101587,193999
18059,28996,42911
18061,14565,20236
18063,53802,88505
18065,15043,21030
18067,26449,40630
18069,13147,17829
18071,14555,19238
18073,11383,15475
18075,6361,8461
18077,9663,14697
18079,9490,12251
18081,51219,77618
18083,11655,16011
18085,26499,35787
18087,8110,10633
18089,91760,219956
18091,25997,49392
18093,15601,21025
18095,31215,51793
18097,134175,389619
18099,13844,19927
18101,4029,5144
18103,10925,14473
18105,22071,63151
18107,12659,17198
18109,27512,36159
18111,4942,6591
18113,14195,19190
18115,2054,3075
18117,6432,8832
18119,7286,9904
18121,5400,7013
18123,5345,8722
18125,4692,6220
18127,45008,86509
18129,9206,13236
18131,4246,5806
18133,12278,16597
18135,8312,11070
18137,11261,14271
18139,6035,7932
18141,53164,115238
18143,7331,10167
18145,14568,19991
18147,7357,10769
18149,7466,10290
18151,11327,16162
18153,6691,8994
18155,3133,4154
18157,34581,71448
18159,6110,8116
18161,2688,3483
18163,41844,77662
18165,5184,7481
18167,24545,43594
18169,10762,14576
18171,3401,4472
18173,21326,33829
18175,9114,12139
18177,17567,27679
18179,10855,14050
18181,7957,11166
18183,12862,17556
19001,1205,4177
19001,1717,4177
19003,781,2160
19003,754,2160
19005,2699,7422
19005,2045,7422
19007,1830,6516
19007,2692,6516
19009,1197,3420
19009,1102,3420
19011,3127,14642
19011,6081,14642
19013,13892,66593
19013,15921,66593
19015,4364,15340
19015,4365,15340
19017,3749,14546
19017,4575,14546
19019,2517,10774
19019,3913,10774
19021,2536,8167
19021,2538,8167
19023,2441,8098
19023,3115,8098
19025,1460,5258
19025,2238,5258
19027,3671,11335
19027,4095,11335
19029,2569,7276
19029,2410,7276
19031,2738,10703
19031,3446,10703
19033,5714,23801
19033,6785,23801
19035,2444,6518
19035,2066,6518
19037,2398,6631
19037,1924,6631
19039,1416,4670
19039,1737,4670
19041,3417,8969
19041,2741,8969
19043,2271,9594
19043,3848,9594
19045,6942,24687
19045,6468,24687
19047,2483,7154
19047,2379,7154
19049,13790,56022
19049,14372,56022
19051,1373,4102
19051,1662,4102
19053,893,3804
19053,1725,3804
19055,2613,10003
19055,4075,10003
19057,5506,19956
19057,5136,19956
19059,4773,11244
19059,2679,11244
19061,13152,53926
19061,14206,53926
19063,1445,4853
19063,1823,4853
19065,2553,10186
19065,3621,10186
19067,2195,8032
19067,2552,8032
19069,1437,5130
19069,1996,5130
19071,1257,3857
19071,1460,3857
19073,1659,5057
19073,1570,5057
19075,1876,7276
19075,3069,7276
19077,1839,6371
19077,2441,6371
19079,2457,7943
19079,2525,7943
19081,1709,6172
19081,2692,6172
19083,2655,8989
19083,3209,8989
19085,2276,8155
19085,3304,8155
19087,3676,9982
19087,2849,9982
19089,1224,4958
19089,1909,4958
19091,1751,5327
19091,2074,5327
19093,1236,3849
19093,1649,3849
19095,2841,9742
19095,3194,9742
19097,3077,11135
19097,3880,11135
19099,5054,20184
19099,7071,20184
19101,2267,8959
19101,2209,8959
19103,11179,83851
19103,12027,83851
19105,2782,10989
19105,3814,10989
19107,1384,5303
19107,2425,5303
19109,2911,9090
19109,3377,9090
19111,4547,16734
19111,5261,16734
19113,24996,127458
19113,28748,127458
19115,1532,5332
19115,1974,5332
19117,1622,4630
19117,1673,4630
19119,2547,6863
19119,3171,6863
19121,2935,9824
19121,3590,9824
19123,4486,11404
19123,3834,11404
19125,5576,19232
19125,7146,19232
19127,5051,18136
19127,4559,18136
19129,3160,8268
19129,2456,8268
19131,1820,5822
19131,1864,5822
19133,1239,4728
19133,2023,4728
19135,1414,4088
19135,1564,4088
19137,1722,5327
19137,1944,5327
19139,5185,20671
19139,5680,20671
19141,2487,7551
19141,3384,7551
19143,1080,3328
19143,1615,3328
19145,2674,7528
19145,2654,7528
19147,1631,4958
19147,1747,4958
19149,5047,14188
19149,5468,14188
19151,1315,3823
19151,1517,3823
19153,37909,258755
19153,69655,258755
19155,12944,45744
19155,13408,45744
19157,2713,10140
19157,2960,10140
19159,944,2714
19159,1030,2714
19161,1602,5535
19161,2467,5535
19163,24946,92599
19163,19012,92599
19165,2674,6795
19165,2037,6795
19167,6314,19051
19167,9461,19051
19169,8208,51038
19169,12333,51038
19171,1820,9048
19171,3505,9048
19173,891,3249
19173,1579,3249
19175,2040,6185
19175,1984,6185
19177,931,3791
19177,1939,3791
19179,3962,15633
19179,5574,15633
19181,7824,31039
19181,10044,31039
19183,3400,11765
19183,3591,11765
19185,1042,3109
19185,1302,3109
19187,5031,17822
19187,5939,17822
19189,1436,5970
19189,2290,5970
19191,3801,12064
19191,2462,12064
19193,13356,45362
19193,12570,45362
19195,871,4418
19195,1871,4418
19197,1908,6254
19197,2240,6254
20001,4218,5892
20003,2929,3792
20005,4906,7440
20007,2014,2342
20009,8608,11130
20011,5023,6676
20013,3262,4471
20015,22634,32520
20017,1123,1491
20019,1402,1639
20021,6766,9128
20023,1183,1429
20025,904,1067
20027,3177,4182
20029,3242,4263
20031,3489,4565
20033,762,916
20035,9656,14231
20037,10045,16645
20039,1260,1498
20041,7126,9349
20043,2976,3709
20045,17286,59495
20047,1141,1431
20049,1140,1361
20051,9758,13800
20053,2148,2853
20055,7236,11800
20057,5803,8915
20059,8479,12477
20061,5323,9603
20063,1291,1471
20065,1080,1337
20067,1936,2501
20069,1911,2288
20071,549,641
20073,2444,3077
20075,698,859
20077,2168,2678
20079,10182,17309
20081,1122,1410
20083,875,1045
20085,4517,6584
20087,6334,9782
20089,1387,1628
20091,155631,347214
20093,1164,1455
20095,3130,3949
20097,980,1165
20099,5735,8563
20101,762,895
20103,21610,36490
20105,1283,1579
20107,4048,5046
20109,1249,1458
20111,7550,13988
20113,9964,14438
20115,4465,6111
20117,3729,5114
20119,1523,1825
20121,12308,17937
20123,2504,3101
20125,9931,13426
20127,2124,2899
20129,1034,1198
20131,4664,5684
20133,4970,6877
20135,1339,1513
20137,2007,2415
20139,5705,8035
20141,1629,1945
20143,2610,3191
20145,2045,2739
20147,2418,2781
20149,9452,13083
20151,3108,4137
20153,1261,1504
20155,18443,27941
20157,2182,2657
20159,3262,4319
20161,11610,25171
20163,2325,2699
20165,1350,1677
20167,2790,3467
20169,15722,24531
20171,2014,2354
20173,122416,223688
20175,3372,5294
20177,40443,85657
20179,1282,1445
20181,2269,2727
20183,1763,2129
20185,1645,2034
20187,614,776
20189,1760,2031
20191,8105,10928
20193,3130,3810
20195,1363,1630
20197,2845,3902
20199,770,825
20201,2363,2883
20203,808,968
20205,3153,3954
20207,1228,1546
20209,18934,56785
21001,7276,8763
21003,7586,9363
21005,9657,13240
21007,3356,4225
21009,14654,20055
21011,3986,5627
21013,8140,10044
21015,44811,66953
21017,6190,9643
21019,14295,21741
21021,8872,14467
21023,3398,4244
21025,4265,5661
21027,7701,10197
21029,30708,41964
21031,4960,6122
21033,4906,6428
21035,11351,17443
21037,28482,48833
21039,2159,2638
21041,2954,4135
21043,8775,11585
21045,6179,7171
21047,15080,23863
21049,11811,18128
21051,6677,7590
21053,4280,4932
21055,3451,4242
21057,2769,3309
21059,31023,49240
21061,4828,6131
21063,2246,2995
21065,5100,6538
21067,58845,152664
21069,5534,7066
21071,12250,16351
21073,12900,26059
21075,1605,2421
21077,2955,3849
21079,6754,8703
21081,8725,11106
21083,13206,17018
21085,9453,11983
21087,4838,5812
21089,13064,18176
21091,3145,4587
21093,29832,48941
21095,9367,10971
21097,6334,8853
21099,6345,8369
21101,12730,20688
21103,5843,8107
21105,1714,2199
21107,15757,21509
21109,5453,6113
21111,150619,386093
21113,17096,26251
21115,8450,10192
21117,48123,82108
21119,4779,6251
21121,11012,13273
21123,5685,7301
21125,23234,28097
21127,5633,6955
21129,2159,2659
21131,4321,4811
21133,7226,9135
21135,4986,5883
21137,8489,10913
21139,4010,5003
21141,9067,12346
21143,3100,4228
21145,21820,33521
21147,5664,6435
21149,3633,4782
21151,27353,43903
21153,4174,5446
21155,6113,8928
21157,13297,17601
21159,3496,3930
21161,5477,7958
21163,10184,14110
21165,2311,3102
21167,8506,11735
21169,3959,5012
21171,4628,5330
21173,8993,12837
21175,4297,5535
21177,10496,14229
21179,15703,23245
21181,2408,3396
21183,8582,11127
21185,22651,37936
21187,4292,5456
21189,1670,1895
21191,5515,6925
21193,8118,10606
21195,20279,25368
21197,4041,5505
21199,25441,31537
21201,884,1146
21203,6577,7783
21205,5994,10058
21207,7506,8939
21209,17764,28950
21211,15054,23542
21213,5888,8732
21215,8737,11429
21217,9376,12510
21219,4060,5351
21221,5487,7375
21223,3227,4319
21225,4965,6576
21227,31790,55351
21229,4482,6223
21231,7430,9240
21233,4506,5991
21235,12567,15347
21237,2097,2979
21239,8362,15211
22001,22596,28425
22003,7574,9810
22005,40687,62325
22007,7271,11235
22009,12028,17292
22011,13575,16357
22013,3891,7050
22015,38074,54655
22017,48021,104912
22019,55066,82663
22021,3976,4762
22023,3671,4039
22025,3541,4858
22027,3770,6580
22029,5550,8828
22031,9112,14736
22033,88420,208182
22035,1080,3036
22037,6064,10509
22039,11053,15412
22041,6970,9720
22043,8117,9392
22045,21251,32713
22047,7893,16719
22049,5394,7632
22051,105949,193733
22053,11423,14841
22055,72519,114521
22057,36024,45388
22059,6378,7077
22061,11311,19275
22063,54877,65230
22065,1930,4670
22067,6510,11574
22069,9358,16554
22071,26664,177819
22073,42255,69166
22075,7412,11014
22077,7503,12371
22079,38347,58865
22081,2413,4132
22083,6607,9940
22085,8776,10596
22087,11179,17650
22089,18233,28517
22091,2714,6158
22093,5954,12590
22095,7538,21432
22097,23171,41154
22099,18203,27038
22101,14811,23186
22103,99666,140110
22105,37806,57661
22107,1197,2554
22109,34339,46240
22111,8407,11201
22113,21930,27324
22115,14107,17268
22117,13307,19513
22119,11830,18216
22121,7684,14097
22123,4317,5052
22125,3863,6268
22127,4619,6225
23001,29268,59361
23003,21080,36210
23005,59584,195914
23007,8754,17599
23009,14982,35676
23011,34721,72615
23013,9982,26032
23015,10256,23857
23017,17698,33810
23019,44825,86133
23021,6143,9996
23023,9755,24280
23025,16644,27873
23027,11196,24566
23029,10194,17570
23031,54817,131042
26001,4848,7064
26003,3014,5128
26005,41392,67094
26007,10686,16969
26009,9748,15949
26011,5928,8831
26013,2512,4038
26015,23471,35905
26017,33125,60255
26019,6601,12262
26021,43519,82391
26023,14064,20536
26025,36221,66281
26027,16699,26216
26029,9841,17000
26031,10186,15868
26033,10681,17642
26035,10861,16281
26037,25098,47927
26039,5087,7861
26041,13207,21151
26043,9617,14589
26045,31798,64327
26047,12135,22177
26049,98714,221360
26051,9893,14603
26053,4600,8266
26055,30502,60236
26057,12102,19127
26059,17037,23302
26061,10378,18501
26063,12731,18437
26065,47639,144550
26067,20657,32209
26069,9759,15363
26071,4216,6789
26073,14815,29421
26075,47372,80861
26077,56823,143414
26079,7436,10631
26081,165741,361048
26083,862,1557
26085,3946,6323
26087,35482,52650
26089,7916,16900
26091,31541,53375
26093,76982,127197
26095,2109,3001
26097,4304,7015
26099,263863,494256
26101,8321,14655
26103,16286,37462
26105,10207,17254
26107,13267,21049
26109,8117,12607
26111,27675,49088
26113,6648,8755
26115,52710,87148
26117,21815,32100
26119,4171,5859
26121,45133,92444
26123,18857,27161
26125,325971,770351
26127,8892,14062
26129,8253,11907
26131,2358,3804
26133,8928,12329
26135,3466,4874
26137,9779,14757
26139,100913,168713
26141,5342,8344
26143,9670,15018
26145,50785,103349
26147,59185,92064
26149,18127,27936
26151,16194,22446
26153,3090,4745
26155,23149,39224
26157,20297,29445
26159,21591,39066
26161,56241,216418
26163,264553,872469
26165,12102,18265
27001,6258,10025
27003,104902,211132
27005,12438,19401
27007,12188,24189
27009,14382,22260
27011,1863,2974
27013,16731,36051
27015,9552,14635
27017,9791,20369
27019,34009,66361
27021,11620,18289
27023,4250,6611
27025,21916,34570
27027,15043,32239
27029,3372,4708
27031,1203,3806
27033,4165,6107
27035,25676,40173
27037,109638,262259
27039,7783,12187
27041,15799,24165
27043,5191,7914
27045,7301,12141
27047,9578,16818
27049,16052,28636
27051,2269,3654
27053,205973,755969
27055,6334,11440
27057,8202,12965
27059,16491,24235
27061,15239,26561
27063,3948,5819
27065,6278,9242
27067,14437,23367
27069,1546,2639
27071,4131,6922
27073,2528,4040
27075,3393,7202
27077,1704,2408
27079,10775,16818
27081,2121,3115
27083,7979,12893
27085,13986,20933
27087,1142,2304
27089,3721,5113
27091,7480,11009
27093,9359,13529
27095,9952,14689
27097,14821,19558
27099,10025,19345
27101,3363,4896
27103,9018,19125
27105,5600,8715
27107,1953,3441
27109,39692,91385
27111,23800,36399
27113,4532,7277
27115,10256,16001
27117,3553,4940
27119,9865,15594
27121,4417,7022
27123,77376,295977
27125,1454,2196
27127,5771,8284
27129,5467,8128
27131,17464,35686
27133,3583,5240
27135,6065,8421
27137,49017,119531
27139,45872,87965
27141,36222,55612
27143,5864,8452
27145,50959,84835
27147,12656,21128
27149,3044,5085
27151,3316,5193
27153,9753,13257
27155,1172,1864
27157,8153,13123
27159,5520,7677
27161,6624,10389
27163,73764,166786
27165,3103,5201
27167,2328,3430
27169,13227,27173
27171,51973,82426
27173,3734,5528
28001,5696,13759
28003,12818,15793
28005,4503,7196
28007,5178,8823
28009,2570,4289
28011,4671,13744
28013,4625,6590
28015,3924,5701
28017,4175,8141
28019,3001,4223
28021,603,4449
28023,5417,8338
28025,4181,10189
28027,2375,8501
28029,6250,12883
28031,5854,9360
28033,46462,76124
28035,17290,31654
28037,2923,4461
28039,9713,11049
28041,4794,5812
28043,6081,10911
28045,16132,20957
28047,46822,75768
28049,25141,99995
28051,1369,8115
28053,1118,4189
28055,308,676
28057,9438,10819
28059,36295,54543
28061,4302,8736
28063,531,3908
28065,2534,6213
28067,21226,30091
28069,1787,4731
28071,12949,23423
28073,20704,28485
28075,17967,31247
28077,4285,6613
28079,5228,9200
28081,24207,36954
28083,3129,10893
28085,11596,16801
28087,13800,27241
28089,31091,56212
28091,8273,12177
28093,7566,15817
28095,11177,17259
28097,2917,5075
28099,8320,11703
28101,6997,10183
28103,1240,5339
28105,9004,19757
28107,8060,15627
28109,19595,24033
28111,4500,5916
28113,8479,17342
28115,11550,14361
28117,8370,10644
28119,1026,3226
28121,50895,70655
28123,6285,10733
28125,688,2183
28127,7635,11815
28129,6458,8327
28131,5964,7878
28133,2799,9681
28135,2488,5685
28137,8707,13093
28139,8054,10102
28141,7933,9138
28143,926,3562
28145,10373,12683
28147,4220,7119
28149,10365,21053
28151,5300,18008
28153,6307,10056
28155,4291,5395
28157,1324,4127
28159,5112,9236
28161,3671,6535
28163,4832,10436
29001,6413,10336
29003,7255,9752
29005,2199,2814
29007,7732,10656
29009,12425,15598
29011,5168,6077
29013,6597,8416
29015,8109,10476
29017,5167,5983
29019,38646,91168
29021,22450,36598
29023,14602,18141
29025,3725,4682
29027,14815,21144
29029,18850,24812
29031,28907,40328
29033,3706,4532
29035,2451,2897
29037,37197,57408
29039,5788,7044
29041,3111,4077
29043,34920,46839
29045,2672,3394
29047,64605,126569
29049,7799,10888
29051,26086,39529
29053,6272,8693
29055,8725,10973
29057,3414,4119
29059,6619,8104
29061,3102,3911
29063,3828,4843
29065,5987,7142
29067,5898,7000
29069,8135,10419
29071,38058,53685
29073,6222,7923
29075,2581,3237
29077,83630,141800
29079,3585,4437
29081,3198,3826
29083,8027,10788
29085,3966,5080
29087,1976,2343
29089,3553,5092
29091,15181,18650
29093,3596,4592
29095,100142,196418
29097,37728,52352
29099,77046,116688
29101,15489,23123
29103,1486,1854
29105,13762,16793
29107,12273,17055
29109,14426,17905
29111,3553,4609
29113,21848,29018
29115,4363,5726
29117,5267,6758
29119,7465,9053
29121,6076,7836
29123,4584,5676
29125,3892,4771
29127,9915,13348
29129,1541,1779
29131,10176,12382
29133,3537,4756
29135,5744,7157
29137,3477,4483
29139,4465,5772
29141,7442,9487
29143,5447,7250
29145,22120,28405
29147,6865,9893
29149,3847,4739
29151,6425,7539
29153,4064,4864
29155,4120,5735
29157,7657,9447
29159,13854,19097
29161,13480,19568
29163,5863,7695
29165,28917,57270
29167,11850,15064
29169,10329,14414
29171,1984,2361
29173,4396,5662
29175,8018,10744
29177,8345,11649
29179,2733,3298
29181,4839,5717
29183,128389,222017
29185,3932,4974
29186,6630,9484
29187,20511,28001
29189,199493,536446
29195,6451,9519
29197,1606,2003
29199,1560,1984
29201,13769,17719
29203,3165,3906
29205,2700,3350
29207,11484,13426
29209,14800,18483
29211,1974,2471
29213,20508,26288
29215,9478,11315
29217,7155,9185
29219,13222,18375
29221,8047,9976
29223,4987,5878
29225,14880,18779
29227,877,1107
29229,7453,8739
29510,21474,133867
2938000,26393,136645
32001,9367,12881
32003,430809,972308
32005,21623,34117
32007,16734,21957
32009,395,480
32011,887,1008
32013,5877,7771
32015,2198,2765
32017,2067,2446
32019,20906,30229
32021,1420,2327
32023,17527,25376
32027,1731,2320
32029,1901,2868
32031,116653,251956
32033,3400,4363
32510,16113,29739
33001,20899,38391
33003,16150,33221
33005,17898,44220
33007,8617,16515
33009,19905,53966
33011,104625,230941
33013,39711,89805
33015,95858,198798
33017,30489,73596
33019,11508,24380
34001,64438,140031
34003,204417,495849
34005,103345,261497
34007,86207,264616
34009,33158,57714
34011,28952,62408
34013,75475,345311
34015,83340,172654
34017,65698,249850
34019,43153,84242
34021,51641,176604
34023,143467,374362
34025,191808,378151
34027,141134,299322
34029,217740,341516
34031,92009,223707
34033,18827,33922
34035,71996,185859
34037,51698,87960
34039,80002,252991
34041,34769,60787
35001,116135,317590
35003,1698,2326
35005,15656,22443
35006,3975,8903
35007,3271,6016
35009,10444,15101
35011,656,901
35013,32802,82641
35015,17454,23222
35017,6553,14435
35019,917,2189
35021,319,505
35023,1120,1974
35025,16531,20918
35027,6942,10306
35028,4278,12293
35029,4408,8103
35031,7801,26486
35033,903,2686
35035,14521,23571
35037,2634,3873
35039,5408,16628
35041,4634,6608
35043,34174,76562
35045,32874,52294
35047,3421,11531
35049,18329,82227
35051,3542,5945
35053,3255,7160
35055,3715,17181
35057,4772,7281
35059,1388,1789
35061,17364,32277
36001,51081,154727
36003,14135,20895
36005,67740,432399
36007,43800,93494
36009,22155,35018
36011,19512,36760
36013,34853,59770
36015,21922,39711
36017,13482,22417
36019,16514,35637
36021,14464,35781
36023,10789,21892
36025,13387,23074
36027,66872,151889
36029,197527,476787
36031,8976,19470
36033,9668,19420
36035,15378,24072
36037,18876,29431
36039,14271,25320
36041,2225,3489
36043,18870,29560
36045,25629,44129
36047,202772,920380
36049,8894,13036
36051,18182,31656
36053,18408,34266
36055,145661,383499
36057,12745,21246
36059,326716,738369
36061,85185,701405
36063,56068,104866
36065,57180,101696
36067,90619,235686
36069,29039,60085
36071,84996,173305
36073,12126,18314
36075,32138,54852
36077,14382,28223
36079,29283,55318
36081,212665,794498
36083,36500,79962
36085,123320,217899
36087,73186,151381
36089,24608,45267
36091,61305,133556
36093,30741,75381
36095,9903,15810
36097,5621,9799
36099,8329,15718
36101,29474,46516
36103,375821,757877
36105,18665,35132
36107,14791,25170
36109,11096,46048
36111,37590,98160
36113,17699,36394
36115,15941,28256
36117,26204,45031
36119,144713,462265
36121,13898,19483
36123,6208,10788
37001,5289,86091
37001,11057,86091
37001,29543,86091
37001,167,86091
37003,850,20236
37003,2741,20236
37003,12251,20236
37003,46,20236
37005,358,6076
37005,849,6076
37005,3299,6076
37005,21,6076
37007,218,11194
37007,2098,11194
37007,2990,11194
37007,15,11194
37009,923,15814
37009,3680,15814
37009,6781,15814
37009,67,15814
37011,459,9458
37011,2863,9458
37011,3784,9458
37011,66,9458
37013,1047,26315
37013,4331,26315
37013,11014,26315
37013,45,26315
37015,153,9815
37015,1047,9815
37015,2608,9815
37015,9,9815
37017,551,17125
37017,2126,17125
37017,6971,17125
37017,28,17125
37019,6424,90175
37019,7904,90175
37019,41248,90175
37019,274,90175
37021,6159,161569
37021,11763,161569
37021,44341,161569
37021,149,161569
37023,2112,44602
37023,5880,44602
37023,22973,44602
37023,54,44602
37025,7184,117227
37025,12829,117227
37025,42997,117227
37025,227,117227
37027,2311,42829
37027,5437,42829
37027,24259,42829
37027,112,42829
37029,254,5953
37029,1173,5953
37029,2870,5953
37029,15,5953
37031,2053,42695
37031,6392,42695
37031,21541,42695
37031,42,42695
37033,542,12051
37033,2655,12051
37033,3857,12051
37033,35,12051
37035,4236,83425
37035,10907,83425
37035,41330,83425
37035,115,83425
37037,2392,48599
37037,3457,48599
37037,15292,48599
37037,45,48599
37039,1010,16423
37039,4183,16423
37039,7401,16423
37039,34,16423
37041,269,7784
37041,727,7784
37041,3466,7784
37041,9,7784
37043,334,6893
37043,1374,6893
37043,3384,6893
37043,20,6893
37045,2503,51308
37045,7057,51308
37045,24128,51308
37045,110,51308
37047,869,26446
37047,5406,26446
37047,10436,26446
37047,121,26446
37049,3120,53065
37049,5465,53065
37049,22362,53065
37049,85,53065
37051,6032,147150
37051,12930,147150
37051,40875,147150
37051,195,147150
37053,669,16147
37053,4666,16147
37053,6290,16147
37053,32,16147
37055,1193,24232
37055,3656,24232
37055,9076,24232
37055,13,24232
37057,5951,88514
37057,15613,88514
37057,42969,88514
37057,125,88514
37059,1385,25311
37059,3992,25311
37059,12802,25311
37059,49,25311
37061,655,22715
37061,4166,22715
37061,8930,22715
37061,42,22715
37063,5420,179914
37063,4708,179914
37063,22228,179914
37063,103,179914
37065,549,25477
37065,2573,25477
37065,6047,25477
37065,37,25477
37067,12154,201270
37067,17067,201270
37067,55560,201270
37067,283,201270
37069,1534,37351
37069,4957,37351
37069,14356,37351
37069,54,37351
37071,6770,115498
37071,12552,115498
37071,53506,115498
37071,205,115498
37073,222,5971
37073,1160,5971
37073,1973,5971
37073,12,5971
37075,225,4665
37075,961,4665
37075,2489,4665
37075,35,4665
37077,1562,31598
37077,2918,31598
37077,12122,31598
37077,45,31598
37079,250,8753
37079,1455,8753
37079,3161,8753
37079,8,8753
37081,12471,284486
37081,21451,284486
37081,73211,284486
37081,161,284486
37083,531,25759
37083,2489,25759
37083,6999,25759
37083,61,25759
37085,3545,58293
37085,5890,58293
37085,25628,58293
37085,114,58293
37087,1905,36542
37087,5471,36542
37087,15386,36542
37087,72,36542
37089,4730,68371
37089,8272,68371
37089,26983,68371
37089,47,68371
37091,184,10634
37091,984,10634
37091,2304,10634
37091,7,10634
37093,827,21639
37093,2207,21639
37093,6395,21639
37093,24,21639
37095,69,2492
37095,861,2492
37095,479,2492
37095,9,2492
37097,7075,102371
37097,13914,102371
37097,45913,102371
37097,108,102371
37099,777,21428
37099,2636,21428
37099,7874,21428
37099,69,21428
37101,5441,111357
37101,13528,111357
37101,49217,111357
37101,167,111357
37103,202,5525
37103,1155,5525
37103,1914,5525
37103,9,5525
37105,1366,29008
37105,2669,29008
37105,12407,29008
37105,27,29008
37107,947,28409
37107,2746,28409
37107,10849,28409
37107,48,28409
37109,2788,50217
37109,6673,50217
37109,26804,50217
37109,76,50217
37111,1148,23003
37111,4666,23003
37111,11056,23003
37111,13,23003
37113,1480,20743
37113,3168,20743
37113,9526,20743
37113,37,20743
37115,467,13076
37115,1993,13076
37115,5486,13076
37115,33,13076
37117,400,12540
37117,2502,12540
37117,3606,12540
37117,24,12540
37119,29329,567053
37119,30267,567053
37119,119320,567053
37119,295,567053
37121,554,9041
37121,1396,9041
37121,5099,9041
37121,41,9041
37123,500,12849
37123,2706,12849
37123,5168,12849
37123,37,12849
37125,4370,58339
37125,7023,58339
37125,25281,58339
37125,90,58339
37127,1752,52271
37127,5320,52271
37127,18614,52271
37127,141,52271
37129,7332,131830
37129,9853,131830
37129,45946,131830
37129,200,131830
37131,263,10110
37131,1337,10110
37131,2381,10110
37131,8,10110
37133,3987,72235
37133,9972,72235
37133,31729,72235
37133,390,72235
37135,2594,84997
37135,4522,84997
37135,13030,84997
37135,30,84997
37137,348,7631
37137,1283,7631
37137,3194,7631
37137,24,7631
37139,758,19897
37139,2287,19897
37139,6681,19897
37139,44,19897
37141,1711,34169
37141,3200,34169
37141,16970,34169
37141,75,34169
37143,270,7484
37143,891,7484
37143,3737,7484
37143,5,7484
37145,853,21894
37145,2946,21894
37145,9335,21894
37145,50,21894
37147,2758,87573
37147,7839,87573
37147,28131,87573
37147,254,87573
37149,827,12358
37149,2054,12358
37149,4788,12358
37149,20,12358
37151,3939,73316
37151,12052,73316
37151,40735,73316
37151,168,73316
37153,690,20763
37153,2574,20763
37153,8510,20763
37153,56,20763
37155,1382,47188
37155,9629,47188
37155,16242,47188
37155,553,47188
37157,1902,47809
37157,7313,47809
37157,21917,47809
37157,169,47809
37159,4413,73408
37159,11463,73408
37159,33295,73408
37159,126,73408
37161,2012,34429
37161,6702,34429
37161,16003,34429
37161,174,34429
37163,877,28618
37163,3513,28618
37163,12990,28618
37163,31,28618
37165,540,14775
37165,1505,14775
37165,5375,14775
37165,53,14775
37167,1712,33939
37167,5110,33939
37167,18540,33939
37167,96,33939
37169,1365,25701
37169,6205,25701
37169,12490,25701
37169,82,25701
37171,2413,36638
37171,5422,36638
37171,19599,36638
37171,104,36638
37173,269,7068
37173,1149,7068
37173,2737,7068
37173,6,7068
37175,1034,20404
37175,2694,20404
37175,7873,20404
37175,35,20404
37177,47,1817
37177,321,1817
37177,676,1817
37177,0,1817
37179,6877,131011
37179,14548,131011
37179,58728,131011
37179,229,131011
37181,707,20999
37181,1520,20999
37181,6162,20999
37181,2,20999
37183,37047,631830
37183,45498,631830
37183,142914,631830
37183,738,631830
37185,325,10293
37185,1039,10293
37185,2384,10293
37185,4,10293
37187,212,6205
37187,680,6205
37187,1887,6205
37187,2,6205
37189,1332,32220
37189,2795,32220
37189,10267,32220
37189,57,32220
37191,2403,55537
37191,5386,55537
37191,22817,55537
37191,103,55537
37193,2301,35466
37193,9366,35466
37193,15823,35466
37193,102,35466
37195,1593,40735
37195,4623,40735
37195,13316,40735
37195,49,40735
37197,1154,19923
37197,5410,19923
37197,9332,19923
37197,37,19923
37199,565,11352
37199,1725,11352
37199,5202,11352
37199,24,11352
38001,981,1269
38003,3568,5565
38005,1094,1961
38007,541,635
38009,2575,3471
38011,1395,1657
38013,994,1155
38015,34744,50753
38017,42619,86053
38019,1499,2020
38021,1742,2424
38023,904,1202
38025,1951,2338
38027,854,1261
38029,1738,2009
38031,1362,1778
38033,871,1026
38035,16987,30970
38037,1145,1381
38039,907,1250
38041,1091,1312
38043,1215,1460
38045,1645,2219
38047,930,1076
38049,2364,3003
38051,1153,1455
38053,4482,5419
38055,4198,5536
38057,3856,4675
38059,12243,16619
38061,2824,4165
38063,1141,1777
38065,918,1066
38067,2460,3331
38069,1585,2128
38071,3577,5372
38073,1418,2454
38075,1065,1319
38077,5072,7812
38079,1257,3804
38081,1266,2070
38083,688,812
38085,258,1186
38087,380,427
38089,12110,15050
38091,652,1088
38093,6994,9959
38095,830,1174
38097,2522,4136
38099,3324,4783
38101,19974,28246
38103,1893,2374
38105,11739,14334
41001,7352,9932
41003,14878,52799
41005,110509,257679
41007,10218,23910
41009,17150,32221
41011,21829,37075
41013,11287,15448
41015,8484,14925
41017,55646,125234
41019,43298,64349
41021,834,1178
41023,3545,4596
41025,3475,4481
41027,3955,13090
41029,63869,127165
41031,7189,11913
41033,31751,51641
41035,25308,36726
41037,3470,4363
41039,80336,222253
41041,12460,30726
41043,43486,72640
41045,8187,11804
41047,79002,165534
41049,3586,5118
41051,82995,463659
41053,23732,48291
41055,921,1208
41057,8354,16888
41059,21270,33038
41061,10298,14944
41063,3404,5149
41065,7035,14130
41067,99073,320326
41069,711,965
41071,29551,58923
42001,37523,56540
42003,282324,719733
42005,27489,36370
42007,54759,94122
42009,23025,27574
42011,109736,205540
42013,45306,63595
42015,21600,30159
42017,187367,396234
42019,74359,113305
42021,48085,70574
42023,1771,2434
42025,21984,33629
42027,36372,77493
42029,128565,314502
42031,14578,19493
42033,29203,39422
42035,11902,17625
42037,20098,31171
42039,28559,42004
42041,77212,141595
42043,66408,147368
42045,118532,327931
42047,12140,16906
42049,66869,137083
42051,41227,62139
42053,1882,2646
42055,57245,80783
42057,6824,7977
42059,12579,17669
42061,17061,22792
42063,28089,41198
42065,17960,22824
42067,9649,12043
42069,52334,115410
42071,160209,280239
42073,29597,46076
42075,46731,71652
42077,84259,184713
42079,86929,153321
42081,41462,59254
42083,14083,19466
42085,36143,57954
42087,16670,21502
42089,38726,83829
42091,185460,510157
42093,5844,9771
42095,83854,170942
42097,28952,42283
42099,18293,24652
42101,132740,741377
42103,19213,32554
42105,7239,9064
42107,48871,70603
42109,13983,19140
42111,31466,40543
42113,2619,3595
42115,15207,21752
42117,15742,21075
42119,12356,20115
42121,18569,26528
42123,14237,20650
42125,72080,118478
42127,18637,28089
42129,130218,204697
42131,9936,14858
42133,146733,238471
44001,9745,28415
44003,42001,93093
44005,15722,46148
44007,102551,272667
44009,29818,76060
NA,85,1374
45001,581,12433
45001,4306,12433
45001,0,12433
45001,8,12433
45001,3320,12433
45001,0,12433
45003,5162,85185
45003,27763,85185
45003,27,85185
45003,16,85185
45003,18606,85185
45003,15,85185
45005,59,3593
45005,442,3593
45005,0,3593
45005,0,3593
45005,330,3593
45005,4,3593
45007,11505,96093
45007,49622,96093
45007,72,96093
45007,159,96093
45007,6110,96093
45007,97,96093
45009,180,6482
45009,1361,6482
45009,0,6482
45009,4,6482
45009,872,6482
45009,0,6482
45011,329,10321
45011,2862,10321
45011,8,10321
45011,0,10321
45011,2289,10321
45011,4,10321
45013,9122,97835
45013,26945,97835
45013,87,97835
45013,42,97835
45013,16804,97835
45013,194,97835
45015,8375,104458
45015,30574,104458
45015,26,104458
45015,51,104458
45015,18313,104458
45015,58,104458
45017,357,8291
45017,2657,8291
45017,12,8291
45017,3,8291
45017,1276,8291
45017,0,8291
45019,19661,218857
45019,29421,218857
45019,33,218857
45019,127,218857
45019,43845,218857
45019,210,218857
45021,690,25270
45021,11462,25270
45021,72,25270
45021,0,25270
45021,5816,25270
45021,3,25270
45023,512,15757
45023,4986,15757
45023,0,15757
45023,0,15757
45023,3159,15757
45023,3,15757
45025,563,18876
45025,6856,18876
45025,0,18876
45025,2,18876
45025,3860,18876
45025,16,18876
45027,716,16733
45027,4345,16733
45027,3,16733
45027,0,16733
45027,3297,16733
45027,0,16733
45029,921,19283
45029,6067,19283
45029,0,19283
45029,5,19283
45029,3412,19283
45029,35,19283
45031,1174,32417
45031,8807,32417
45031,0,32417
45031,5,32417
45031,6827,32417
45031,19,32417
45033,659,13101
45033,4186,13101
45033,0,13101
45033,0,13101
45033,1733,13101
45033,4,13101
45035,5456,77278
45035,19301,77278
45035,2,77278
45035,40,77278
45035,17058,77278
45035,56,77278
45037,652,13304
45037,4322,13304
45037,1,13304
45037,0,13304
45037,3208,13304
45037,1,13304
45039,568,12136
45039,2493,12136
45039,3,12136
45039,2,12136
45039,1556,12136
45039,3,12136
45041,2255,64510
45041,17596,64510
45041,0,64510
45041,10,64510
45041,12736,64510
45041,18,64510
45043,2612,36668
45043,10252,36668
45043,0,36668
45043,21,36668
45043,7567,36668
45043,35,36668
45045,18193,258155
45045,110201,258155
45045,181,258155
45045,619,258155
45045,20679,258155
45045,148,258155
45047,2048,32006
45047,11399,32006
45047,59,32006
45047,20,32006
45047,5860,32006
45047,45,32006
45049,333,9305
45049,2475,9305
45049,5,9305
45049,0,9305
45049,1082,9305
45049,11,9305
45051,14328,179744
45051,59651,179744
45051,93,179744
45051,10,179744
45051,44470,179744
45051,269,179744
45053,963,14394
45053,3920,14394
45053,2,14394
45053,0,14394
45053,2182,14394
45053,11,14394
45055,1691,33629
45055,11103,33629
45055,0,33629
45055,5,33629
45055,7664,33629
45055,8,33629
45057,2742,49868
45057,15407,49868
45057,16,49868
45057,46,49868
45057,11984,49868
45057,117,49868
45059,1044,30488
45059,14512,30488
45059,22,30488
45059,13,30488
45059,4391,30488
45059,22,30488
45061,204,8431
45061,1832,8431
45061,0,8431
45061,0,8431
45061,972,8431
45061,0,8431
45063,12723,144568
45063,61434,144568
45063,86,144568
45063,168,144568
45063,18354,144568
45063,52,144568
45065,269,5697
45065,1180,5697
45065,0,5697
45065,0,5697
45065,1509,5697
45065,0,5697
45067,500,14704
45067,2917,14704
45067,0,14704
45067,2,14704
45067,2277,14704
45067,15,14704
45069,389,11446
45069,2189,11446
45069,14,11446
45069,0,11446
45069,2435,11446
45069,17,11446
45071,910,18631
45071,6371,18631
45071,1,18631
45071,13,18631
45071,4144,18631
45071,4,18631
45073,3462,40668
45073,16894,40668
45073,9,40668
45073,21,40668
45073,9276,40668
45073,36,40668
45075,1547,41205
45075,7075,41205
45075,10,41205
45075,6,41205
45075,4954,41205
45075,11,41205
45077,2760,57546
45077,26999,57546
45077,103,57546
45077,54,57546
45077,12897,57546
45077,94,57546
45079,12341,193822
45079,22750,193822
45079,16,193822
45079,24,193822
45079,23133,193822
45079,49,193822
45081,321,9274
45081,4015,9274
45081,0,9274
45081,0,9274
45081,1845,9274
45081,29,9274
45083,9110,148655
45083,60777,148655
45083,117,148655
45083,118,148655
45083,23277,148655
45083,161,148655
45085,2283,48920
45085,9126,48920
45085,0,48920
45085,24,48920
45085,9548,48920
45085,19,48920
45087,248,13257
45087,5073,13257
45087,54,13257
45087,0,13257
45087,2807,13257
45087,1,13257
45089,317,15985
45089,3183,15985
45089,0,15985
45089,0,15985
45089,2023,15985
45089,9,15985
45091,8807,144050
45091,49711,144050
45091,50,144050
45091,298,144050
45091,23606,144050
45091,255,144050
48001,15110,19227
48003,4943,5863
48005,25076,34574
48007,9239,12290
48009,4300,4796
48011,1035,1112
48013,12039,18118
48015,11447,14554
48017,1434,1860
48019,10057,12715
48021,20516,36665
48023,1494,1702
48025,6006,9420
48027,67893,127375
48029,308618,770818
48031,5443,7441
48033,397,416
48035,7469,9126
48037,27116,38261
48039,90433,154984
48041,47530,85061
48043,2461,4822
48045,639,725
48047,998,2484
48049,13698,15969
48051,6743,8609
48053,18767,24717
48055,8031,14973
48057,5641,7856
48059,6012,6832
48061,49032,114174
48063,3626,5060
48065,2779,3122
48067,11033,13927
48069,1602,2083
48071,17353,21652
48073,15101,19508
48075,1943,2279
48077,5069,5744
48079,809,1000
48081,1586,1779
48083,3641,4124
48085,252318,490856
48087,1048,1218
48089,7472,9975
48091,62740,88892
48093,5177,6086
48095,1058,1268
48097,15596,18996
48099,15438,23493
48101,540,662
48103,1247,1503
48105,1220,1574
48107,1396,1953
48109,415,864
48111,1389,1609
48113,307076,919504
48115,2951,3789
48117,3294,4610
48119,2162,2592
48121,222480,417964
48123,6567,8118
48125,853,988
48127,1384,3666
48129,1438,1648
48131,2443,5053
48133,7237,8293
48135,32697,44591
48137,893,1066
48139,56717,85493
48141,84331,266729
48143,13684,16856
48145,4177,6133
48147,12171,15007
48149,10171,12941
48151,1448,1826
48153,1584,2039
48155,445,551
48157,157718,357514
48159,4161,5009
48161,6991,8711
48163,2823,5279
48165,5355,5996
48167,93911,155060
48169,1413,1653
48171,12514,15850
48173,611,653
48175,3085,3995
48177,5627,7648
48179,6840,7782
48181,44163,59474
48183,32493,47982
48185,9432,12414
48187,47553,77619
48189,7177,9586
48191,995,1169
48193,3616,4351
48195,1849,2047
48197,1330,1580
48199,23858,27635
48201,700630,1640818
48203,21466,29717
48205,1868,2078
48207,1840,2214
48209,47680,109395
48211,1486,1720
48213,28911,36317
48215,90527,220884
48217,11926,14931
48219,6536,8100
48221,26496,32541
48223,12719,15941
48225,7060,9438
48227,8054,10241
48229,779,1165
48231,29163,38597
48233,7681,8773
48235,759,889
48237,3418,3782
48239,5231,6353
48241,12542,15611
48243,784,1305
48245,47570,94759
48247,833,2036
48249,7453,13669
48251,54628,72020
48253,5660,6741
48255,3968,5252
48257,37624,56718
48259,20083,26452
48261,127,194
48263,411,462
48265,20879,27745
48267,1987,2292
48269,151,159
48271,1144,1603
48273,5504,10944
48275,1180,1456
48277,16760,21442
48279,3521,4410
48281,8086,10399
48283,1335,2406
48285,8804,10197
48287,6255,8087
48289,7523,8674
48291,23302,29334
48293,6789,9095
48295,1205,1353
48297,4199,5054
48299,10079,12660
48301,60,66
48303,78861,120817
48305,1853,2293
48307,2904,3436
48309,59543,97872
48311,460,516
48313,4169,5298
48315,3470,4864
48317,1857,2160
48319,1991,2474
48321,9845,13727
48323,6881,15346
48325,15642,22657
48327,823,1028
48329,45624,58859
48331,7984,10578
48333,2217,2505
48335,2170,2579
48337,8615,9819
48339,193382,271543
48341,4359,5508
48343,3872,5587
48345,604,652
48347,17378,26785
48349,13800,19123
48351,4882,6094
48353,4131,5357
48355,64617,127322
48357,2812,3156
48359,917,1009
48361,29186,35994
48363,10179,12489
48365,9326,11451
48367,62045,76128
48369,2135,2650
48371,3215,4668
48373,18573,24186
48375,22820,33337
48377,721,2217
48379,5155,6053
48381,50796,64674
48383,942,1124
48385,1643,1982
48387,4517,5806
48389,2254,3689
48391,2210,3366
48393,529,550
48395,5646,8099
48397,36726,53891
48399,3807,4409
48401,16534,21377
48403,4784,5491
48405,3007,4002
48407,10161,12640
48409,16516,25891
48411,2308,2602
48413,940,1159
48415,4983,5870
48417,1484,1628
48419,7975,10087
48421,886,992
48423,69080,100089
48425,4105,4947
48427,8247,17525
48429,3385,3800
48431,584,639
48433,615,736
48435,1222,1557
48437,1845,2355
48439,409741,834697
48441,39547,55135
48443,334,458
48445,2812,3612
48447,806,894
48449,7570,10541
48451,32313,45210
48453,161337,608575
48455,5579,6938
48457,8194,9660
48459,15809,18892
48461,1178,1368
48463,6174,10344
48465,8284,15280
48467,22270,26029
48469,23358,34188
48471,15375,23612
48473,14260,22734
48475,3241,4060
48477,12959,17427
48479,25898,68397
48481,11926,16761
48483,2159,2337
48485,32069,46040
48487,3524,4524
48489,2441,5549
48491,139729,289555
48493,18463,25013
48495,1753,2126
48497,27032,32365
48499,19049,22779
48501,2174,2631
48503,7110,8239
48505,2033,3874
48507,1490,4379
50001,6567,22611
50003,6724,19357
50005,5924,15158
50007,20104,96755
50009,2164,4237
50011,11274,26072
50013,2194,5782
50015,4171,15679
50017,5782,14876
50019,7086,15442
50021,14625,34772
50023,8707,35325
50025,7251,28452
50027,10135,36308
54001,5116,6677
54003,33279,51535
54005,6816,9012
54007,4120,5664
54009,7545,10656
54011,21721,37360
54013,2364,2971
54015,2679,3365
54017,2619,3101
54019,11580,16862
54021,2012,2662
54023,4871,5509
54025,10925,15850
54027,8033,10086
54029,9806,13800
54031,4859,6331
54033,20683,30465
54035,10093,13508
54037,15033,27703
54039,46398,82244
54041,5782,7457
54043,6012,7830
54045,10534,13026
54047,5148,6527
54049,16300,25794
54051,10435,14080
54053,8491,11203
54055,19237,25134
54057,10040,12872
54059,8544,10022
54061,20803,42072
54063,5068,6490
54065,6537,8695
54067,8279,10630
54069,12354,19898
54071,2782,3659
54073,2742,3491
54075,2895,4008
54077,11190,14572
54079,20034,28501
54081,24673,33106
54083,8673,12200
54085,3649,4283
54087,4213,5763
54089,4074,5585
54091,5477,7383
54093,2841,3844
54095,3226,3922
54097,7771,10221
54099,12585,16947
54101,2759,3402
54103,4993,6667
54105,2134,2653
54107,27202,38762
54109,7353,8592
24001,1883,30641
24001,1703,30641
24001,7342,30641
24001,9513,30641
24001,445,30641
24003,16213,309617
24003,17630,309617
24003,65507,309617
24003,24625,309617
24003,3846,309617
24005,26841,414932
24005,16954,414932
24005,66437,414932
24005,31927,414932
24005,4043,414932
24009,3144,49113
24009,2757,49113
24009,9115,49113
24009,9980,49113
24009,350,49113
24011,795,15794
24011,409,15794
24011,5305,15794
24011,3523,15794
24011,251,15794
24013,5633,100327
24013,7025,100327
24013,25406,100327
24013,21755,100327
24013,399,100327
24015,2799,47462
24015,2054,47462
24015,11162,47462
24015,12852,47462
24015,572,47462
24017,4700,89498
24017,1372,89498
24017,13578,89498
24017,5339,89498
24017,590,89498
24019,809,15977
24019,650,15977
24019,4749,15977
24019,2405,15977
24019,151,15977
24021,5692,145615
24021,7936,145615
24021,31490,145615
24021,17190,145615
24021,1374,145615
24023,808,15611
24023,881,15611
24023,7973,15611
24023,2060,15611
24023,280,15611
24025,10016,148186
24025,4927,148186
24025,45623,148186
24025,18918,148186
24025,1446,148186
24027,6791,183062
24027,7458,183062
24027,23430,183062
24027,9534,183062
24027,1177,183062
24029,657,10794
24029,269,10794
24029,2643,10794
24029,1466,10794
24029,160,10794
24031,24591,533743
24031,14962,533743
24031,41476,533743
24031,16506,533743
24031,3687,533743
24033,3942,424855
24033,8685,424855
24033,15824,424855
24033,6691,424855
24033,1948,424855
24035,1554,30290
24035,1347,30290
24035,11705,30290
24035,3651,30290
24035,484,30290
24037,4407,55665
24037,2910,55665
24037,13908,55665
24037,9069,55665
24037,532,55665
24039,295,10147
24039,489,10147
24039,3145,10147
24039,1614,10147
24039,196,10147
24041,1084,22555
24041,1255,22555
24041,6435,22555
24041,1972,22555
24041,200,22555
24043,2450,67779
24043,4276,67779
24043,11882,67779
24043,20760,67779
24043,856,67779
24045,1651,46216
24045,2101,46216
24045,11294,46216
24045,6972,46216
24045,926,46216
24047,2570,31691
24047,696,31691
24047,9333,31691
24047,5357,31691
24047,615,31691
24510,3401,237461
24510,6768,237461
24510,8465,237461
24510,5444,237461
24510,1296,237461
25001,55311,151512
25003,18064,71771
25005,119872,281364
25007,2631,12873
25009,144837,424599
25011,11201,43003
25013,87318,220793
25015,22281,88332
25017,226956,869347
25019,1914,7338
25021,125294,411042
25023,121227,303870
25025,58613,337240
25027,171683,434921
30001,3923,5661
30003,2207,4784
30005,1469,3117
30007,3173,4097
30009,4468,7052
30011,775,864
30013,23315,39885
30015,1891,2965
30017,4205,5860
30019,799,1014
30021,3758,4825
30023,2186,4891
30025,1375,1575
30027,4869,6507
30029,38321,59936
30031,31696,70979
30033,764,813
30035,1884,5617
30037,414,503
30039,1419,2102
30041,3957,7182
30043,5345,8151
30045,1040,1344
30047,9322,16626
30049,21409,42265
30051,821,1083
30053,8672,11747
30055,956,1128
30057,4191,6087
30059,833,1110
30061,1828,2563
30063,26347,71495
30065,2423,2881
30067,6025,11566
30069,298,348
30071,1936,2382
30073,2031,2995
30075,970,1136
30077,2355,3179
30079,603,744
30081,19114,28507
30083,4800,5798
30085,1996,4017
30087,2486,3773
30089,5660,7622
30091,1403,2030
30093,7745,18658
30095,4462,5724
30097,1840,2446
30099,2608,3679
30101,1596,2119
30103,373,460
30105,3135,4261
30107,823,1068
30109,516,598
30111,50772,83821
31001,10085,14602
31003,3093,3583
31005,260,284
31007,362,410
31009,280,317
31011,2653,3217
31013,4002,5181
31015,1010,1153
31017,1470,1679
31019,16640,23589
31021,2580,3731
31023,3542,4498
31025,10121,15284
31027,4174,4996
31029,1740,1993
31031,2844,3265
31033,3813,4765
31035,2848,3558
31037,2636,3717
31039,3507,4451
31041,5090,5993
31043,3926,6794
31045,2931,4121
31047,6524,9178
31049,871,1032
31051,2335,3083
31053,10984,16876
31055,119159,274951
31057,883,999
31059,2359,3134
31061,1437,1724
31063,1229,1440
31065,2163,2601
31067,7445,11068
31069,1016,1195
31071,933,1075
31073,893,1118
31075,375,402
31077,1016,1258
31079,16189,24374
31081,4309,5533
31083,1615,1928
31085,494,534
31087,1264,1469
31089,4769,5537
31091,376,442
31093,2786,3501
31095,2616,3716
31097,1518,2229
31099,2822,3604
31101,3544,4364
31103,476,529
31105,1563,1874
31107,3721,4697
31109,70092,156091
31111,13071,17107
31113,407,450
31115,370,454
31117,275,302
31119,11940,15765
31121,3419,4257
31123,2113,2557
31125,1437,1828
31127,2428,3423
31129,1857,2303
31131,5649,8315
31133,1071,1429
31135,1321,1544
31137,4157,5009
31139,3462,4006
31141,12186,15673
31143,2291,2879
31145,4525,5452
31147,3073,4126
31149,744,841
31151,3631,5770
31153,51979,95673
31155,9108,12735
31157,10952,15469
31159,6490,9142
31161,2292,2672
31163,1322,1698
31165,642,729
31167,2561,3161
31169,2308,2980
31171,377,427
31173,1180,2325
31175,1901,2340
31177,8583,12413
31179,3055,4200
31181,1511,1876
31183,438,502
31185,5337,7143
39001,9870,12145
39003,33116,48006
39005,19407,26405
39007,26890,44147
39009,10862,26059
39011,20798,25777
39013,23560,33088
39015,16480,21096
39017,114392,186737
39019,10745,14212
39021,14589,19972
39023,39032,64212
39025,74570,110480
39027,15488,20527
39029,35726,49860
39031,12325,16739
39033,15436,20686
39035,202699,625670
39037,22004,27134
39039,13038,19381
39041,66356,126070
39043,22160,40335
39045,50797,83311
39047,9473,12612
39049,211237,630577
39051,15731,22770
39053,10645,13799
39055,34143,56021
39057,52072,88643
39059,13407,18230
39061,177886,430929
39063,26310,38771
39065,9949,13247
39067,5792,7655
39069,10479,14764
39071,15678,19676
39073,9737,13824
39075,10796,12947
39077,18956,27190
39079,11309,14794
39081,22828,33362
39083,22340,31398
39085,73278,130509
39087,20306,28127
39089,59514,94210
39091,17964,23368
39093,79520,157437
39095,81763,200623
39097,13835,19855
39099,59903,118966
39101,19023,27818
39103,64598,105825
39105,8316,10951
39107,19452,23761
39109,41371,57972
39111,5463,7148
39113,129034,268505
39115,5041,6847
39117,14077,18457
39119,27867,40465
39121,5135,6343
39123,14628,24007
39125,7086,9467
39127,12357,16675
39129,20593,28271
39131,9157,12412
39133,45990,82872
39135,17022,21809
39137,16412,19921
39139,41472,59975
39141,22278,33299
39143,18896,30074
39145,22609,32047
39147,17086,25810
39149,20422,25258
39151,111097,189879
39153,124833,280473
39155,55194,101001
39157,30458,44015
39159,21669,33445
39161,11650,14965
39163,4632,6030
39165,87988,136100
39167,22307,32031
39169,36759,54283
39171,13452,18651
39173,35757,67597
39175,8462,11390
40001,216,7108
40001,647,7108
40001,4722,7108
40003,87,2262
40003,344,2262
40003,1547,2262
40005,150,5389
40005,1088,5389
40005,3319,5389
40007,120,2178
40007,303,2178
40007,1545,2178
40009,433,7948
40009,1322,7948
40009,5012,7948
40011,181,3901
40011,439,3901
40011,2516,3901
40013,687,15976
40013,1541,15976
40013,10116,15976
40015,339,9859
40015,528,9859
40015,6146,9859
40017,6510,61940
40017,1924,61940
40017,35116,61940
40019,863,19479
40019,1710,19479
40019,12126,19479
40021,970,17714
40021,1341,17714
40021,8912,17714
40023,190,5832
40023,1152,5832
40023,3356,5832
40025,63,1054
40025,311,1054
40025,596,1054
40027,11820,119778
40027,7905,119778
40027,46952,119778
40029,76,2524
40029,564,2524
40029,1451,2524
40031,2995,35631
40031,1521,35631
40031,16389,35631
40033,96,2572
40033,535,2572
40033,1486,2572
40035,234,6032
40035,676,6032
40035,3776,6032
40037,1471,30505
40037,2136,30505
40037,19687,30505
40039,676,10691
40039,994,10691
40039,6390,10691
40041,1032,17245
40041,1733,17245
40041,10792,17245
40043,118,2359
40043,211,2359
40043,1795,2359
40045,98,1873
40045,234,1873
40045,1356,1873
40047,1350,22430
40047,1919,22430
40047,13701,22430
40049,456,10922
40049,1204,10922
40049,7218,10922
40051,1633,23101
40051,2119,23101
40051,14786,23101
40053,96,2226
40053,234,2226
40053,1586,2226
40055,72,1973
40055,304,1973
40055,1229,1973
40057,27,933
40057,190,933
40057,530,933
40059,60,1487
40059,193,1487
40059,1074,1487
40061,166,5014
40061,897,5014
40061,3102,5014
40063,170,4857
40063,511,4857
40063,3194,4857
40065,427,8221
40065,1071,8221
40065,4894,8221
40067,63,2385
40067,382,2385
40067,1581,2385
40069,104,4251
40069,632,4251
40069,2705,4251
40071,836,17249
40071,1515,17249
40071,10483,17249
40073,313,6465
40073,995,6465
40073,4213,6465
40075,132,3427
40075,465,3427
40075,2076,3427
40077,148,4249
40077,488,4249
40077,2801,4249
40079,674,18805
40079,2150,18805
40079,12389,18805
40081,646,14888
40081,1417,14888
40081,9950,14888
40083,1758,21574
40083,2246,21574
40083,11604,21574
40085,120,4076
40085,698,4076
40085,2487,4076
40087,1248,19236
40087,1406,19236
40087,12641,19236
40089,481,11467
40089,1035,11467
40089,7969,11467
40091,371,8335
40091,863,8335
40091,4938,8335
40093,155,3467
40093,621,3467
40093,2308,3467
40095,257,6064
40095,910,6064
40095,3724,6064
40097,610,16626
40097,1240,16626
40097,10899,16626
40099,238,5894
40099,1426,5894
40099,2948,5894
40101,1245,25081
40101,2382,25081
40101,12899,25081
40103,195,4938
40103,759,4938
40103,2867,4938
40105,155,4391
40105,720,4391
40105,2735,4391
40107,149,4038
40107,461,4038
40107,2448,4038
40109,29408,294740
40109,6024,294740
40109,109618,294740
40111,565,14313
40111,1306,14313
40111,7797,14313
40113,1065,20538
40113,2528,20538
40113,10528,20538
40115,466,11438
40115,1195,11438
40115,6884,11438
40117,286,6786
40117,590,6786
40117,4391,6786
40119,1498,29643
40119,2025,29643
40119,14290,29643
40121,585,17924
40121,1441,17924
40121,11825,17924
40123,646,15320
40123,2015,15320
40123,8144,15320
40125,2180,28185
40125,2625,28185
40125,15435,28185
40127,163,4739
40127,796,4739
40127,3057,4739
40129,83,1834
40129,278,1834
40129,1268,1834
40131,3025,44553
40131,5944,44553
40131,25062,44553
40133,394,8337
40133,807,8337
40133,4810,8337
40135,623,15386
40135,1204,15386
40135,10286,15386
40137,987,19057
40137,2491,19057
40137,12082,19057
40139,212,5521
40139,1006,5521
40139,3287,5521
40141,84,2708
40141,458,2708
40141,1534,2708
40143,21016,266678
40143,5743,266678
40143,123815,266678
40145,2043,35338
40145,4680,35338
40145,19442,35338
40147,1357,23501
40147,2088,23501
40147,13631,23501
40149,214,4777
40149,544,4777
40149,3328,4777
40151,156,3678
40151,959,3678
40151,1878,3678
40153,335,7785
40153,1827,7785
40153,4449,7785
46003,1052,1405
46005,4808,7081
46007,694,1183
46009,2235,3001
46011,8000,14567
46013,10580,17547
46015,1750,2490
46017,183,549
46019,3731,4802
46021,747,873
46023,2552,3783
46025,1373,1850
46027,2456,5698
46029,8958,13161
46031,647,1283
46033,3852,5494
46035,5613,8454
46037,1869,2964
46039,1699,2350
46041,790,1966
46043,1468,1707
46045,1538,1985
46047,2878,4042
46049,964,1182
46051,2618,3745
46053,1771,2258
46055,1026,1137
46057,2372,3083
46059,1433,1836
46061,1793,2388
46063,748,813
46065,5522,8723
46067,2944,3767
46069,564,710
46071,738,1115
46073,721,1006
46075,498,599
46077,1904,2779
46079,3681,5873
46081,8753,13828
46083,19617,32396
46085,1042,1597
46087,2068,2900
46089,1075,1324
46091,1287,2178
46093,9875,13670
46095,449,769
46097,787,1138
46099,49249,92326
46101,1951,3206
46103,35063,57518
46105,1401,1669
46107,1139,1380
46109,2404,4307
46111,905,1185
46102,297,3200
46115,2104,3163
46117,1203,1652
46119,726,930
46121,532,2539
46123,2161,2696
46125,3290,4548
46127,5944,8855
46129,1966,2580
46135,6581,10900
46137,404,906
47001,23184,35570
47003,14354,19088
47005,5668,7260
47007,4725,5758
47009,47369,66609
47011,35204,45865
47013,12331,14933
47015,5190,6557
47017,9205,11905
47019,19584,24492
47021,14438,20260
47023,5952,7584
47025,10604,12945
47027,2733,3506
47029,12162,14859
47031,17883,24282
47033,4673,6114
47035,25168,32279
47037,100218,309658
47039,4229,5241
47041,6672,8513
47043,17643,24323
47045,11768,15079
47047,15690,22984
47049,7441,8729
47051,13987,19132
47053,16259,22335
47055,9784,13203
47057,8565,10134
47059,22259,28087
47061,4802,5855
47063,18811,24631
47065,92108,171113
47067,2372,2744
47069,5760,10063
47071,9559,11538
47073,20405,24824
47075,3343,7439
47077,9797,12020
47079,11239,15047
47081,7577,9832
47083,2718,3686
47085,6120,8236
47087,4118,5323
47089,18651,23616
47091,6468,7801
47093,124540,220556
47095,1492,2034
47097,5674,8965
47099,15334,18718
47101,4474,5609
47103,12281,15608
47105,21713,29347
47107,18198,22844
47109,9093,11275
47111,8096,9487
47113,23943,42950
47115,9911,13256
47117,11043,14878
47119,31464,46657
47121,4467,5532
47123,16783,20797
47125,42187,76758
47127,2888,3539
47129,6930,8228
47131,10790,13521
47133,7918,10037
47135,2775,3428
47137,2381,2931
47139,6792,8360
47141,23759,33593
47143,11050,13637
47145,19230,25917
47147,24536,33717
47149,81480,143878
47151,8004,9052
47153,5855,7252
47155,33783,43535
47157,129815,382055
47159,7136,9051
47161,4950,6296
47163,55860,74357
47165,63454,92630
47167,20070,27308
47169,2936,3998
47171,6599,8307
47173,6803,8123
47175,2342,2921
47177,11850,16009
47179,40444,60203
47181,5795,6669
47183,10396,13735
47185,9606,11895
47187,86469,139016
47189,50296,74330
49001,0,3100
49001,0,3100
49001,0,3100
49001,2695,3100
49003,0,27023
49003,0,27023
49003,0,27023
49003,21548,27023
49005,0,58358
49005,0,58358
49005,0,58358
49005,38032,58358
49007,0,9369
49007,0,9369
49007,0,9369
49007,6693,9369
49009,0,619
49009,0,619
49009,0,619
49009,496,619
49011,0,169814
49011,0,169814
49011,0,169814
49011,104135,169814
49013,0,8561
49013,0,8561
49013,0,8561
49013,7512,8561
49015,0,4898
49015,0,4898
49015,0,4898
49015,4207,4898
49017,0,2732
49017,0,2732
49017,0,2732
49017,2158,2732
49019,0,5185
49019,0,5185
49019,0,5185
49019,2248,5185
49021,0,25104
49021,0,25104
49021,0,25104
49021,18989,25104
49023,0,5865
49023,0,5865
49023,0,5865
49023,5087,5865
49025,0,4180
49025,0,4180
49025,0,4180
49025,2998,4180
49027,0,6190
49027,0,6190
49027,0,6190
49027,5404,6190
49029,0,6606
49029,0,6606
49029,0,6606
49029,5181,6606
49031,0,871
49031,0,871
49031,0,871
49031,773,871
49033,0,1369
49033,0,1369
49033,0,1369
49033,1157,1369
49035,12970,546581
49035,18253,546581
49035,198951,546581
49037,0,6877
49037,0,6877
49037,0,6877
49037,3535,6877
49039,0,12625
49039,0,12625
49039,0,12625
49039,10459,12625
49041,0,10362
49041,0,10362
49041,0,10362
49041,9052,10362
49043,0,26086
49043,0,26086
49043,0,26086
49043,10252,26086
49045,0,31506
49045,0,31506
49045,0,31506
49045,21014,31506
49047,0,15303
49047,0,15303
49047,0,15303
49047,13261,15303
49049,0,284286
49049,0,284286
49049,0,284286
49049,192812,284286
49051,0,17790
49051,0,17790
49051,0,17790
49051,10795,17790
49053,0,91070
49053,0,91070
49053,0,91070
49053,67294,91070
49055,0,1621
49055,0,1621
49055,0,1621
49055,1229,1621
49057,0,111403
49057,0,111403
49057,0,111403
49057,65949,111403
51001,3084,16962
51001,6078,16962
51001,10,16962
51003,9124,64657
51003,11587,64657
51003,93,64657
51005,1450,8203
51005,4409,8203
51005,0,8203
51007,2595,7894
51007,2778,7894
51007,17,7894
51009,4487,17005
51009,6550,17005
51009,4,17005
51011,2995,9268
51011,3700,9268
51011,7,9268
51013,13899,130739
51013,8306,130739
51013,113,130739
51015,12866,42278
51015,17741,42278
51015,107,42278
51017,399,2501
51017,1431,2501
51017,4,2501
51019,15208,48669
51019,20268,48669
51019,124,48669
51021,976,3479
51021,1925,3479
51021,2,3479
51023,7212,21123
51023,7875,21123
51023,12,21123
51025,1368,7948
51025,1988,7948
51025,1,7948
51027,2306,9957
51027,5981,9957
51027,24,9957
51029,1795,8129
51029,2744,8129
51029,5,8129
51031,9331,29901
51031,11914,29901
51031,0,29901
51033,2839,16288
51033,5438,16288
51033,59,16288
51035,3909,15657
51035,8706,15657
51035,44,15657
51036,811,4441
51036,947,4441
51036,3,4441
51037,1390,6191
51037,2423,6191
51037,2,6191
51041,57160,203955
51041,35939,203955
51041,227,203955
51043,2554,9337
51043,2632,9337
51043,6,9337
51045,804,3170
51045,1721,3170
51045,11,3170
51047,6836,27116
51047,9131,27116
51047,45,27116
51049,1039,5313
51049,1974,5313
51049,6,5313
51051,2462,7307
51051,3285,7307
51051,1,7307
51053,3982,15092
51053,4709,15092
51053,4,15092
51057,1736,6178
51057,1334,6178
51057,5,6178
51059,84585,601243
51059,82873,601243
51059,943,601243
51061,13573,43671
51061,11441,43671
51061,92,43671
51063,2851,9412
51063,3347,9412
51063,27,9412
51065,4248,15846
51065,3865,15846
51065,42,15846
51067,6670,29704
51067,14168,29704
51067,57,29704
51069,15219,48718
51069,15164,48718
51069,175,48718
51071,2754,9178
51071,4122,9178
51071,0,9178
51073,6267,22284
51073,8588,22284
51073,20,22284
51075,5393,16952
51075,4548,16952
51075,25,16952
51077,2146,8131
51077,4366,8131
51077,17,8131
51079,3558,11313
51079,3291,11313
51079,17,11313
51081,658,4574
51081,1256,4574
51081,0,4574
51083,4844,18248
51083,5559,18248
51083,15,18248
51085,23708,70988
51085,20535,70988
51085,75,70988
51087,27296,183299
51087,35823,183299
51087,321,183299
51089,6911,26105
51089,9743,26105
51089,71,26105
51091,237,1533
51091,853,1533
51091,2,1533
51093,6487,23456
51093,7174,23456
51093,46,23456
51095,14707,49639
51095,8385,49639
51095,61,49639
51097,887,4115
51097,1560,4115
51097,3,4115
51099,5182,14227
51099,3251,14227
51099,13,14227
51101,2735,10737
51101,4549,10737
51101,36,10737
51103,1687,7152
51103,2010,7152
51103,0,7152
51105,2214,9947
51105,6146,9947
51105,5,9947
51107,44292,224976
51107,37545,224976
51107,251,224976
51109,5313,21916
51109,7950,21916
51109,31,21916
51111,1354,6002
51111,2181,6002
51111,2,6002
51113,1856,8133
51113,3441,8133
51113,3,8133
51115,2619,5829
51115,1277,5829
51115,5,5829
51117,4111,16207
51117,5133,16207
51117,22,16207
51119,1664,6785
51119,2520,6785
51119,12,6785
51121,9479,45037
51121,11109,45037
51121,41,45037
51125,1525,9318
51125,3279,9318
51125,8,9318
51127,2989,14471
51127,6611,14471
51127,31,14471
51131,1623,6732
51131,1325,6732
51131,7,6732
51133,2269,7815
51133,2208,7815
51133,8,7815
51135,1968,7078
51135,2059,7078
51135,0,7078
51137,4252,20754
51137,8149,20754
51137,25,20754
51139,2895,12514
51139,6421,12514
51139,29,12514
51141,2439,9535
51141,5038,9535
51141,8,9535
51143,11590,34227
51143,12104,34227
51143,57,34227
51145,6162,19733
51145,7875,19733
51145,18,19733
51147,1810,9575
51147,2620,9575
51147,4,9575
51149,5080,17439
51149,5023,17439
51149,0,17439
51153,52887,228267
51153,27939,228267
51153,396,228267
51155,5300,17386
51155,6783,17386
51155,44,17386
51157,639,4979
51157,2155,4979
51157,18,4979
51159,1253,4102
51159,1294,4102
51159,0,4102
51161,19279,57226
51161,14913,57226
51161,76,57226
51163,2187,12377
51163,5881,12377
51163,20,12377
51165,9267,43821
51165,21030,43821
51165,52,43821
51167,3939,13386
51167,6917,13386
51167,23,13386
51169,3588,10869
51169,5458,10869
51169,17,10869
51171,6083,23684
51171,10315,23684
51171,65,23684
51173,2925,14136
51173,8038,14136
51173,0,14136
51175,2102,9786
51175,3617,9786
51175,11,9786
51177,20997,75317
51177,18410,75317
51177,4,75317
51179,18509,79629
51179,19004,79629
51179,123,79629
51181,885,4471
51181,1138,4471
51181,2,4471
51183,801,5088
51183,1418,5088
51183,0,5088
51185,7682,20152
51185,9013,20152
51185,36,20152
51187,6296,21147
51187,7737,21147
51187,36,21147
51191,10595,28693
51191,11051,28693
51191,33,28693
51193,2125,9948
51193,3160,9948
51193,33,9948
51195,6984,16615
51195,6355,16615
51195,27,16615
51197,3982,15073
51197,7751,15073
51197,0,15073
51199,12902,38791
51199,7286,38791
51199,53,38791
51510,8951,82521
51510,5496,82521
51510,97,82521
51520,2898,7814
51520,2433,7814
51520,16,7814
51530,1128,2776
51530,735,2776
51530,0,2776
51540,1399,24213
51540,1676,24213
51540,19,24213
51550,35502,127246
51550,22440,127246
51550,238,127246
51570,3577,9160
51570,2422,9160
51570,8,9160
51580,510,2603
51580,1070,2603
51580,0,2603
51590,4186,19456
51590,3210,19456
51590,32,19456
51595,244,2384
51595,510,2384
51595,0,2384
51600,2374,13487
51600,1608,13487
51600,25,13487
51610,976,8819
51610,509,8819
51610,5,8819
51620,737,4064
51620,746,4064
51620,4,4064
51630,2202,12877
51630,1819,12877
51630,16,12877
51640,886,2639
51640,948,2639
51640,4,2639
51650,9386,65957
51650,8924,65957
51650,120,65957
51660,2830,17093
51660,2715,17093
51660,46,17093
51670,1964,9628
51670,2021,9628
51670,35,9628
51678,515,2764
51678,389,2764
51678,2,2764
51680,5746,36364
51680,11269,36364
51680,82,36364
51683,3760,16978
51683,2468,16978
51683,28,16978
51685,1239,6088
51685,733,6088
51685,7,6088
51690,1096,6024
51690,1068,6024
51690,1,6024
51700,11557,81270
51700,14705,81270
51700,115,81270
51710,11652,89988
51710,11651,89988
51710,140,89988
51720,1106,1601
51720,3,1601
51730,856,14133
51730,719,14133
51730,9,14133
51735,3285,7857
51735,2299,7857
51735,21,7857
51740,4281,44601
51740,8401,44601
51740,73,44601
51750,1304,6320
51750,1477,6320
51750,5,6320
51760,7533,111181
51760,8967,111181
51760,103,111181
51770,7594,43323
51770,7856,43323
51770,157,43323
51775,4710,13051
51775,2966,13051
51775,7,13051
51790,3053,12992
51790,2616,12992
51790,26,12992
51800,9474,49642
51800,10532,49642
51800,76,49642
51810,47179,227717
51810,57327,227717
51810,581,227717
51820,2866,10717
51820,2620,10717
51820,21,10717
51830,1341,6890
51830,615,6890
51830,7,6890
51840,2825,12113
51840,2370,12113
51840,26,12113
53001,3907,5862
53003,7319,11951
53005,60365,103033
53007,22746,43306
53009,23062,49264
53011,126303,275403
53013,1754,2495
53015,34424,60280
53017,12955,21308
53019,2771,4367
53021,18039,32404
53023,1069,1489
53025,24764,37680
53027,19877,38441
53029,22746,53925
53031,6931,24792
53033,269167,1210507
53035,61563,158672
53037,14105,26364
53039,7237,13560
53041,29391,45309
53043,5150,7033
53045,18710,37303
53047,11840,21282
53049,6953,14064
53051,5728,8553
53053,197730,464081
53055,3057,13197
53057,32762,73423
53059,3885,7312
53061,166428,438796
53063,148576,295430
53065,19808,28430
53067,65277,168134
53069,1741,2981
53071,16400,31261
53073,50489,138620
53075,9067,21126
53077,50555,96193
55001,7362,11818
55003,3841,8757
55005,15803,25346
55007,4617,10880
55009,75871,144017
55011,4834,7816
55013,6462,10141
55015,18156,30774
55017,21317,35938
55019,10002,14898
55021,16927,33869
55023,4620,8695
55025,78800,344791
55027,31355,48436
55029,9752,20117
55031,10923,24677
55033,13173,23524
55035,25341,58275
55037,2133,2940
55039,35754,57251
55041,3285,5053
55043,14142,25608
55045,10169,21406
55047,7168,10671
55049,5909,13992
55051,2438,4010
55053,5791,10184
55055,27208,47979
55057,8749,13709
55059,44972,88738
55061,7927,12095
55063,28684,67884
55065,4821,8555
55067,7330,11165
55069,10017,16497
55071,27218,44829
55073,44624,76751
55075,15304,22979
55077,5719,9065
55078,278,1590
55079,134357,458971
55081,13775,22611
55083,16226,23215
55085,13671,24159
55087,58385,108022
55089,33912,61486
55091,2584,4144
55093,12815,23317
55095,16611,26371
55097,19299,40603
55099,5394,8546
55101,54479,106451
55103,4871,9014
55105,37138,85360
55107,5257,7886
55109,32199,56707
55111,17493,36203
55113,5909,10510
55115,15173,22615
55117,37609,66011
55119,7657,10686
55121,8833,15380
55123,8218,15923
55125,9261,15369
55127,33851,57600
55129,6334,10378
55131,60237,88070
55133,159649,267996
55135,18952,29130
55137,9016,13568
55139,47796,94032
55141,24308,41298
56001,8579,18744
56003,4806,5784
56005,16975,19735
56007,5014,6706
56009,5917,7010
56011,3651,4143
56013,12007,18234
56015,4878,6272
56017,1999,2588
56019,3881,4952
56021,27891,45237
56023,8643,10525
56025,25271,35391
56027,1118,1322
56029,12813,16815
56031,3898,4963
56033,11843,16546
56035,3957,5000
56037,12229,16698
56039,4341,14787
56041,7496,9459
56043,3245,4032
56045,3107,3560