"","county_fips","libertarian20"
"1",1001,0.0126035289881167
"2",1003,0.0112054267453204
"3",1005,0.00646510743487355
"4",1007,0.00771235018238666
"5",1009,0.00757575757575758
"6",1011,0.00411879471060048
"7",1013,0.00621838111298482
"8",1015,0.0108467528391817
"9",1017,0.00922533368228213
"10",1019,0.00666612470530851
"11",1021,0.00636975660279648
"12",1023,0.00509110396570204
"13",1025,0.00373049105443472
"14",1027,0.00764790764790765
"15",1029,0.008302200083022
"16",1031,0.0118518518518519
"17",1033,0.0097181381338306
"18",1035,0.00496817264399938
"19",1037,0.00839569264464318
"20",1039,0.00556511761331038
"21",1041,0.00664953906604201
"22",1043,0.0099878139112566
"23",1045,0.0118046407944067
"24",1047,0.00503806538289297
"25",1049,0.00851614661398011
"26",1051,0.00970021935169388
"27",1053,0.00590823381521056
"28",1055,0.0111255447536038
"29",1057,0.00638831850330824
"30",1059,0.00842741294323422
"31",1061,0.00717417297728179
"32",1063,0.00167539267015707
"33",1065,0.00468354430379747
"34",1067,0.00742095074209507
"35",1069,0.0115435427630867
"36",1071,0.00880013538669826
"37",1073,0.0109805799022857
"38",1075,0.00458779368830808
"39",1077,0.0121112339024335
"40",1079,0.00785977169234608
"41",1081,0.0142619210905681
"42",1083,0.0151924443993094
"43",1085,0.000877834674469642
"44",1087,0.00596125186289121
"45",1089,0.0189919236831701
"46",1091,0.00541284403669725
"47",1093,0.00832910842326356
"48",1095,0.0109696129113605
"49",1097,0.0105806817933655
"50",1099,0.00496812898387702
"51",1101,0.00931016048174785
"52",1103,0.0131231152972711
"53",1105,0.00458891013384321
"54",1107,0.00413736036408771
"55",1109,0.00968138140307781
"56",1111,0.00562886407677402
"57",1113,0.00928313563692625
"58",1115,0.0100357777727774
"59",1117,0.012718573292736
"60",1119,0.00588141789858528
"61",1121,0.00692594565796484
"62",1123,0.00619313038921443
"63",1125,0.0102803531029588
"64",1127,0.00888675008020533
"65",1129,0.00506985128436233
"66",1131,0.00287989158055226
"67",1133,0.00903934774902517
"68",2001,0.029532403609516
"69",2002,0.0467731421121252
"70",2003,0.0376863446630889
"71",2004,0.030729711730568
"72",2005,0.0299283568292119
"73",2006,0.0281183932346723
"74",2007,0.0282685512367491
"75",2008,0.0243139628732849
"76",2009,0.027381060674975
"77",2010,0.0255243195002231
"78",2011,0.0253105005645465
"79",2012,0.0256273358248799
"80",2013,0.039932581356152
"81",2014,0.0311107227125754
"82",2015,0.0354380284223781
"83",2016,0.0258684405025868
"84",2017,0.0254178753971543
"85",2018,0.0203367875647668
"86",2019,0.0207508017355216
"87",2020,0.0204081632653061
"88",2021,0.0215293244246474
"89",2022,0.0210084033613445
"90",2023,0.021966662359478
"91",2024,0.0212888377445339
"92",2025,0.0215549597855228
"93",2026,0.0204727524478291
"94",2027,0.0239848516726278
"95",2028,0.0171778178680681
"96",2029,0.0176793523774076
"97",2030,0.0265330188679245
"98",2031,0.0201450443190975
"99",2032,0.0285542891421716
"100",2033,0.0179826563213145
"101",2034,0.0260042874452419
"102",2035,0.0168283508216195
"103",2036,0.0263667671114938
"104",2037,0.0167250097238429
"105",2038,0.0198150594451783
"106",2039,0.0208793074180954
"107",2040,0.0204214642624375
"108",2099,0.0023094688221709
"109",4001,0.0124246559763448
"110",4003,0.0190761391085669
"111",4005,0.0207719183316956
"112",4007,0.0123635311980334
"113",4009,0.0141380460153384
"114",4011,0.0189959294436906
"115",4012,0.0124698310539019
"116",4013,0.0153301704330066
"117",4015,0.0124393319830321
"118",4017,0.0140436957907547
"119",4019,0.014715688214959
"120",4021,0.0150886070474769
"121",4023,0.0114542851298834
"122",4025,0.0146067964893416
"123",4027,0.0162705170217942
"124",5001,0.00731087094723458
"125",5003,0.00315417612919505
"126",5005,0.00871138192031228
"127",5007,0.0164453932884115
"128",5009,0.00894004908262241
"129",5011,0.0090311986863711
"130",5013,0.0073327222731439
"131",5015,0.00847673137238281
"132",5017,0.00414330977333658
"133",5019,0.00941036331149494
"134",5021,0.0102257379895813
"135",5023,0.0082807570977918
"136",5025,0.0075
"137",5027,0.00615134633240483
"138",5029,0.00898100172711572
"139",5031,0.0114253070551271
"140",5033,0.011373541986634
"141",5035,0.00684303782000367
"142",5037,0.00691443388072602
"143",5039,0.00528501321253303
"144",5041,0.00432276657060519
"145",5043,0.00390851187029531
"146",5045,0.0154332328948335
"147",5047,0.0093982325711881
"148",5049,0.00742332486813831
"149",5051,0.00895947872123804
"150",5053,0.00682926829268293
"151",5055,0.0116770186335404
"152",5057,0.0045268691588785
"153",5059,0.00740622760213427
"154",5061,0.00558543649151841
"155",5063,0.0101295479603087
"156",5065,0.00946643717728055
"157",5067,0.00726772736201139
"158",5069,0.00421337149216949
"159",5071,0.0102126763529164
"160",5073,0.00335946248600224
"161",5075,0.00887826532354448
"162",5077,0.00280898876404494
"163",5079,0.00541935483870968
"164",5081,0.00849913077071663
"165",5083,0.0106990881458967
"166",5085,0.0131433044158894
"167",5087,0.00734593932798259
"168",5089,0.00866320138611222
"169",5091,0.00611047250287374
"170",5093,0.00972289742343218
"171",5095,0.00426136363636364
"172",5097,0.0067131422669765
"173",5099,0.00238237045860631
"174",5101,0.00575287643821911
"175",5103,0.00820438259424655
"176",5105,0.0075642965204236
"177",5107,0.00240307593719962
"178",5109,0.00965614696184644
"179",5111,0.0053184416965829
"180",5113,0.00977620730270907
"181",5115,0.00982318271119843
"182",5117,0.00457796852646638
"183",5119,0.00981430487890983
"184",5121,0.00807398708162067
"185",5123,0.00520540236353405
"186",5125,0.0104461103600836
"187",5127,0.00872993522951281
"188",5129,0.00746454341876089
"189",5131,0.0170555791260076
"190",5133,0.0105728565936178
"191",5135,0.00687285223367698
"192",5137,0.00791512293701583
"193",5139,0.0109592340579274
"194",5141,0.00691686947611118
"195",5143,0.015000106082787
"196",5145,0.0127893799579084
"197",5147,0.00565428109854604
"198",5149,0.00979083222073876
"199",6001,0.00817458153154908
"200",6003,0.0202429149797571
"201",6005,0.0156474175035868
"202",6007,0.0173809103913154
"203",6009,0.0132160212045354
"204",6011,0.0101746011807562
"205",6013,0.0105209559000612
"206",6015,0.0130970051514887
"207",6017,0.016107232328102
"208",6019,0.0110463475256017
"209",6021,0.0113304417101885
"210",6023,0.0164432113649899
"211",6025,0.0068730944786141
"212",6027,0.0134964150147617
"213",6029,0.012912228292913
"214",6031,0.0137707758601035
"215",6033,0.0129807024850757
"216",6035,0.0117627429715525
"217",6037,0.00831354726905413
"218",6039,0.0115573587433931
"219",6041,0.00985689533465956
"220",6043,0.0150778210116732
"221",6045,0.0136363636363636
"222",6047,0.0103915895487775
"223",6049,0.00897996776421828
"224",6051,0.018699910952805
"225",6053,0.0111027738633383
"226",6055,0.0126680526680527
"227",6057,0.0141930501930502
"228",6059,0.0113822035551894
"229",6061,0.0167939970393561
"230",6063,0.0135879218472469
"231",6065,0.00999843555070621
"232",6067,0.013598908746729
"233",6069,0.0119667013527575
"234",6071,0.0104514165467882
"235",6073,0.0133483715248889
"236",6075,0.00743766810279719
"237",6077,0.0101527945315641
"238",6079,0.0150769500482112
"239",6081,0.00949630061108721
"240",6083,0.0120595590474146
"241",6085,0.0107329962938192
"242",6087,0.0117649495639926
"243",6089,0.0137415258796944
"244",6091,0.013982392542724
"245",6093,0.0135480572597137
"246",6095,0.0120217411366981
"247",6097,0.0127386635956723
"248",6099,0.0116024823915815
"249",6101,0.0122174280086296
"250",6103,0.014026661097769
"251",6105,0.0186930819619748
"252",6107,0.0101984545733056
"253",6109,0.0144369902657195
"254",6111,0.0119884112812629
"255",6113,0.0123954200670134
"256",6115,0.0171163914619412
"257",8001,0.0157599053814311
"258",8003,0.0115266393442623
"259",8005,0.0154861886499345
"260",8007,0.0131233595800525
"261",8009,0.011685393258427
"262",8011,0.00659630606860158
"263",8013,0.0123186050235068
"264",8014,0.0165551552581918
"265",8015,0.0137775185887156
"266",8017,0.00528169014084507
"267",8019,0.0172571777642028
"268",8021,0.00784675744288022
"269",8023,0.00716332378223496
"270",8025,0.0125714285714286
"271",8027,0.00797799174690509
"272",8029,0.0112545172947858
"273",8031,0.0123657729623771
"274",8033,0.00345065562456867
"275",8035,0.0160402409274411
"276",8037,0.0129375428963624
"277",8039,0.0161196860348733
"278",8041,0.0244528851712151
"279",8043,0.0155339046053919
"280",8045,0.0137199068081802
"281",8047,0.0167224080267559
"282",8049,0.017629179331307
"283",8051,0.0187667560321716
"284",8053,0.0158227848101266
"285",8055,0.016114389468906
"286",8057,0.0136986301369863
"287",8059,0.0169441220273586
"288",8061,0.00996677740863787
"289",8063,0.00878326013949884
"290",8065,0.0254986114617521
"291",8067,0.0148596742086523
"292",8069,0.0182269611033351
"293",8071,0.0108026629820374
"294",8073,0.00980761976612599
"295",8075,0.0131978731484998
"296",8077,0.0144113525264006
"297",8079,0.00396825396825397
"298",8081,0.0138058639339596
"299",8083,0.0123870967741935
"300",8085,0.0114356793194768
"301",8087,0.0109866123399302
"302",8089,0.00918964076858814
"303",8091,0.0114427860696517
"304",8093,0.0193637621023513
"305",8095,0.0096579476861167
"306",8097,0.00786150372166932
"307",8099,0.0070131271354073
"308",8101,0.0135898800693084
"309",8103,0.0113790300731509
"310",8105,0.0104678826328311
"311",8107,0.0139843564825788
"312",8109,0.0115078194157569
"313",8111,0.0124555160142349
"314",8113,0.0101029726054012
"315",8115,0.00553250345781466
"316",8117,0.0191027653011527
"317",8119,0.0157624417025798
"318",8121,0.00831117021276596
"319",8123,0.0173380286751231
"320",8125,0.0104396707488456
"321",9001,0.00972277495999119
"322",9003,0.0112143251375363
"323",9005,0.0119021051848546
"324",9007,0.0121978265690841
"325",9009,0.00875872942200999
"326",9011,0.0161599954156041
"327",9013,0.015821294942637
"328",9015,0.0160120528362706
"329",10001,0.0119965527147371
"330",10003,0.0102665549502317
"331",10005,0.00775403550003092
"332",11001,0.00591248591573836
"333",12001,0.00974727216627864
"334",12003,0.00661497972828793
"335",12005,0.0107929136566907
"336",12007,0.00806924882629108
"337",12009,0.00880908294619197
"338",12011,0.00325163521539734
"339",12013,0.00444376340790683
"340",12015,0.00485645521746605
"341",12017,0.00587932366320488
"342",12019,0.0103372050962582
"343",12021,0.00427778152036878
"344",12023,0.006779250650687
"345",12027,0.00410774942728494
"346",12029,0.00330598751071385
"347",12031,0.00971551479241914
"348",12033,0.0125959664733642
"349",12035,0.00500585643371075
"350",12037,0.00394218134034166
"351",12039,0.00404006396767949
"352",12041,0.00629839958699019
"353",12043,0.00404390525707683
"354",12045,0.00588019110621095
"355",12047,0.00566037735849057
"356",12049,0.0047142015321155
"357",12051,0.00502318392581144
"358",12053,0.00629808486807073
"359",12055,0.00427448725321066
"360",12057,0.00795575672377304
"361",12059,0.00529333921482135
"362",12061,0.00547782200155923
"363",12063,0.00517418261296222
"364",12065,0.00544314282333452
"365",12067,0.00382722799343904
"366",12069,0.00655422735833878
"367",12071,0.00511806325987119
"368",12073,0.00824899189217389
"369",12075,0.0056599697558868
"370",12077,0.0039314799213704
"371",12079,0.00341151385927505
"372",12081,0.00593202370965809
"373",12083,0.00577367205542725
"374",12085,0.00453781172132974
"375",12086,0.00287772644915008
"376",12087,0.00724562243644465
"377",12089,0.00967506078794783
"378",12091,0.016163543089892
"379",12093,0.00413689356901091
"380",12095,0.00723660532929257
"381",12097,0.00559047994618293
"382",12099,0.00393192594527897
"383",12101,0.00750074510712985
"384",12103,0.007625309309202
"385",12105,0.00755995525205677
"386",12107,0.00621340004948726
"387",12109,0.00800013588341203
"388",12111,0.00446073334920921
"389",12113,0.015384183749813
"390",12115,0.00556962025316456
"391",12117,0.00849260970419646
"392",12119,0.00290857976969238
"393",12121,0.00565132734957496
"394",12123,0.00513478818998716
"395",12125,0.0067253803042434
"396",12127,0.0070127732655909
"397",12129,0.00733536187785264
"398",12131,0.00768685227974652
"399",12133,0.00559746897055245
"400",13001,0.00431602925308716
"401",13003,0.00950871632329636
"402",13005,0.00535561268209083
"403",13007,0.00385852090032154
"404",13009,0.011396635800778
"405",13011,0.00840813543915464
"406",13013,0.0175100867593154
"407",13015,0.0138902649255949
"408",13017,0.00884146341463415
"409",13019,0.00710318997804469
"410",13021,0.0105787972091184
"411",13023,0.0117420259376095
"412",13025,0.0072295378259747
"413",13027,0.00704225352112676
"414",13029,0.0167291471415183
"415",13031,0.0151243185746576
"416",13033,0.00701984275552228
"417",13035,0.00773086398776654
"418",13037,0.00501367365542388
"419",13039,0.0198412698412698
"420",13043,0.00654479801399233
"421",13045,0.0139516099423578
"422",13047,0.0151566287239591
"423",13049,0.00963644327639071
"424",13051,0.0144581022335482
"425",13053,0.0221238938053097
"426",13055,0.013134328358209
"427",13057,0.0169094800800939
"428",13059,0.0163442619757271
"429",13061,0.00488145048814505
"430",13063,0.00939079968667664
"431",13065,0.00418994413407821
"432",13067,0.0163582614172588
"433",13069,0.00821611673458656
"434",13071,0.00739911708014674
"435",13073,0.0165055411459561
"436",13075,0.0108031272210377
"437",13077,0.0141668511308741
"438",13079,0.00966896099639463
"439",13081,0.00820997636521956
"440",13083,0.01439332795265
"441",13085,0.012250481935203
"442",13087,0.00765459705857057
"443",13089,0.0113375260245305
"444",13091,0.00693928128872367
"445",13093,0.00852618757612668
"446",13095,0.00792954036985642
"447",13097,0.0121134057918578
"448",13099,0.00539811066126856
"449",13101,0.0124913254684247
"450",13103,0.0155844155844156
"451",13105,0.00719659797186784
"452",13107,0.00694663719608462
"453",13109,0.0082411113727337
"454",13111,0.00740740740740741
"455",13113,0.0135568735849319
"456",13115,0.0124135612754514
"457",13117,0.0153126329221608
"458",13119,0.00956804458894566
"459",13121,0.0119601493541519
"460",13123,0.00992435703479576
"461",13125,0.00510855683269476
"462",13127,0.0116472942073171
"463",13129,0.0101527066949611
"464",13131,0.00504342953208182
"465",13133,0.00809104650128923
"466",13135,0.0135913884962488
"467",13137,0.0113547376664056
"468",13139,0.0146040232868995
"469",13141,0.00504201680672269
"470",13143,0.00877316114542392
"471",13145,0.010754839677855
"472",13147,0.00832874990178361
"473",13149,0.00946021146355036
"474",13151,0.010420231053755
"475",13153,0.0141266722799139
"476",13155,0.00623800383877159
"477",13157,0.0140960976904699
"478",13159,0.00798011512297227
"479",13161,0.00831744931554323
"480",13163,0.00575765506411934
"481",13165,0.00810419681620839
"482",13167,0.00682926829268293
"483",13169,0.0075504476814112
"484",13171,0.0103993804624405
"485",13173,0.0134228187919463
"486",13175,0.00717145496942232
"487",13177,0.00891468230226158
"488",13179,0.0154752442844453
"489",13181,0.00774193548387097
"490",13183,0.0167963224893918
"491",13185,0.0118002372991047
"492",13187,0.0155817397463138
"493",13189,0.0112864658058345
"494",13191,0.0101553166069295
"495",13193,0.00471900471900472
"496",13195,0.0133895695253398
"497",13197,0.010485651214128
"498",13199,0.00606784959087984
"499",13201,0.00705467372134039
"500",13205,0.00368180296775633
"501",13207,0.0094920472036942
"502",13209,0.00680786686838124
"503",13211,0.0104211155718801
"504",13213,0.00935733316004939
"505",13215,0.0119811777559813
"506",13217,0.0106196648168292
"507",13219,0.0163302606484425
"508",13221,0.0125445824621818
"509",13223,0.0135386777537038
"510",13225,0.00980470306895177
"511",13227,0.0136129936901145
"512",13229,0.00541556145004421
"513",13231,0.0082089552238806
"514",13233,0.00873613426058969
"515",13235,0.00911554570091156
"516",13237,0.00978490088570223
"517",13239,0.00452079566003617
"518",13241,0.0114966555183946
"519",13243,0.00390370852309694
"520",13245,0.0127677668474763
"521",13247,0.00962270062211878
"522",13249,0.00571428571428571
"523",13251,0.00769462884731442
"524",13253,0.0048918640576725
"525",13255,0.00913135874618143
"526",13257,0.0111064366848969
"527",13259,0.00351758793969849
"528",13261,0.00823045267489712
"529",13263,0.00454287336740488
"530",13265,0.00754310344827586
"531",13267,0.0084321153611145
"532",13269,0.00885647303985413
"533",13271,0.00484652665589661
"534",13273,0.00815217391304348
"535",13275,0.00874021873426989
"536",13277,0.0108702327580913
"537",13279,0.00943741982774418
"538",13281,0.00563980448677779
"539",13283,0.00779980500487488
"540",13285,0.0109155046756964
"541",13287,0.00870253164556962
"542",13289,0.00675067506750675
"543",13291,0.00694087403598972
"544",13293,0.00743897714064316
"545",13295,0.0140014989439259
"546",13297,0.0111752617672962
"547",13299,0.00817361894024803
"548",13301,0.00603545831761599
"549",13303,0.00697748176339994
"550",13305,0.00813898888714979
"551",13307,0.00215827338129496
"552",13309,0.00568927789934354
"553",13311,0.0123515118790497
"554",13313,0.0119740924182224
"555",13315,0.00487656202377324
"556",13317,0.00914694770332074
"557",13319,0.00649895178197065
"558",13321,0.00646203554119548
"559",15001,0.0116951738902681
"560",15003,0.00899498039790422
"561",15007,0.00904558617189599
"562",15009,0.0108665052643432
"563",16001,0.0204711842059609
"564",16003,0.0131477184841454
"565",16005,0.023942558086618
"566",16007,0.00754147812971342
"567",16009,0.0116629800924995
"568",16011,0.0153530706141228
"569",16013,0.0126420347655956
"570",16015,0.0139004149377593
"571",16017,0.0146698372050485
"572",16019,0.0238540605611631
"573",16021,0.0129890701726596
"574",16023,0.00777385159010601
"575",16025,0.00928381962864721
"576",16027,0.0187589868377392
"577",16029,0.0120023419203747
"578",16031,0.0125662062519472
"579",16033,0.0128617363344051
"580",16035,0.0106358904729577
"581",16037,0.00620664476086163
"582",16039,0.0220480156785889
"583",16041,0.0130552220888355
"584",16043,0.0130971870814109
"585",16045,0.0121510343442458
"586",16047,0.0110743801652893
"587",16049,0.0122891064361591
"588",16051,0.0177802864601707
"589",16053,0.0128008192524322
"590",16055,0.0178166251243475
"591",16057,0.0295576081672338
"592",16059,0.0164626424651752
"593",16061,0.00855614973262032
"594",16063,0.0108247422680412
"595",16065,0.0376344086021505
"596",16067,0.0108845239584637
"597",16069,0.0141174226164926
"598",16071,0.011015911872705
"599",16073,0.0120202446225221
"600",16075,0.0146993712919508
"601",16077,0.0133376707872479
"602",16079,0.0117374772689701
"603",16081,0.0171734677800536
"604",16083,0.021095312457193
"605",16085,0.010335551465383
"606",16087,0.0106661676646707
"607",17001,0.0144062994004832
"608",17003,0.00267379679144385
"609",17005,0.0193984039287907
"610",17007,0.0144121061691821
"611",17009,0.0186433954779849
"612",17011,0.0119880692898933
"613",17013,0.012987012987013
"614",17015,0.0138334995014955
"615",17017,0.00940379913485048
"616",17019,0.0158394820373757
"617",17021,0.0129597630214762
"618",17023,0.0113690761129727
"619",17025,0.012779552715655
"620",17027,0.0134585289514867
"621",17029,0.0135362293196497
"622",17031,0.00760590414932504
"623",17033,0.0126259946949602
"624",17035,0.0108024691358025
"625",17037,0.0163721902770518
"626",17039,0.0173230309072782
"627",17041,0.0136186770428016
"628",17043,0.0128817738052047
"629",17045,0.00915080527086384
"630",17047,0.00920974450386215
"631",17049,0.0121791170140165
"632",17051,0.0112370723945903
"633",17053,0.0143822810297713
"634",17055,0.00757006335230323
"635",17057,0.0107327017628013
"636",17059,0.00673148840688108
"637",17061,0.0112413682351052
"638",17063,0.0133378292308269
"639",17065,0.00950173812282735
"640",17067,0.0121496323137589
"641",17069,0.00647548566142461
"642",17071,0.0134357005758157
"643",17073,0.0143943826799298
"644",17075,0.0104812834224599
"645",17077,0.0137349291171665
"646",17079,0.00950502152080344
"647",17081,0.0122960239025511
"648",17083,0.0169221747507749
"649",17085,0.0100032010243278
"650",17087,0.00823364921547305
"651",17089,0.0124118063102693
"652",17091,0.0161115786942407
"653",17093,0.012661393691187
"654",17095,0.0111480793328436
"655",17097,0.0124484928645598
"656",17099,0.0125953984810882
"657",17101,0.0127905163001092
"658",17103,0.0139659693846435
"659",17105,0.0142075229998835
"660",17107,0.0158718218745299
"661",17109,0.0140822140822141
"662",17111,0.0132780893219998
"663",17113,0.0186662375577573
"664",17115,0.012087467098603
"665",17117,0.0145699775206061
"666",17119,0.0158160698269639
"667",17121,0.00933669377935617
"668",17123,0.0148405431007262
"669",17125,0.0115282293822051
"670",17127,0.00954058417730809
"671",17129,0.0137124711316397
"672",17131,0.015068031035646
"673",17133,0.014611310762247
"674",17135,0.0148612224083922
"675",17137,0.012933568489124
"676",17139,0.0129003558718861
"677",17141,0.0148066382460414
"678",17143,0.0155883438724352
"679",17145,0.00686362279916443
"680",17147,0.017104459376909
"681",17149,0.0138382186438546
"682",17151,0.00735632183908046
"683",17153,0.00876524390243903
"684",17155,0.00973451327433628
"685",17157,0.00886441474716272
"686",17159,0.012402331638348
"687",17161,0.0143653195122682
"688",17163,0.0126082238408631
"689",17165,0.011205494306886
"690",17167,0.0138326714525737
"691",17169,0.0122887864823349
"692",17171,0.0113262696382901
"693",17173,0.00901049847069521
"694",17175,0.0145681581685744
"695",17177,0.0148766328011611
"696",17179,0.0170161617331866
"697",17181,0.0100157551204141
"698",17183,0.0110815602836879
"699",17185,0.0139460039334883
"700",17187,0.0125173852573018
"701",17189,0.011642622120982
"702",17191,0.0106057035116663
"703",17193,0.0110497237569061
"704",17195,0.0139543378995434
"705",17197,0.0106402399269787
"706",17199,0.0124803137907467
"707",17201,0.0134602886249207
"708",17203,0.0146509891750653
"709",18001,0.0201984657611373
"710",18003,0.0220484735217232
"711",18005,0.0240651303987857
"712",18007,0.022362664073894
"713",18009,0.0246682863016259
"714",18011,0.0234942886812046
"715",18013,0.0187061574434918
"716",18015,0.0194839389152185
"717",18017,0.0219107777339124
"718",18019,0.0191466933936996
"719",18021,0.0169560609766039
"720",18023,0.0189976059927408
"721",18025,0.0214401294498382
"722",18027,0.0170654174334951
"723",18029,0.0152464247724855
"724",18031,0.0222186050297062
"725",18033,0.0216527409822702
"726",18035,0.0184681787055674
"727",18037,0.0198438217730822
"728",18039,0.0166830225711482
"729",18041,0.0142067876874507
"730",18043,0.0203339553131429
"731",18045,0.0250438266967193
"732",18047,0.0140833333333333
"733",18049,0.018585328523013
"734",18051,0.019862632262855
"735",18053,0.0215030008468648
"736",18055,0.0196158008658009
"737",18057,0.0200722684137547
"738",18059,0.0236769126797325
"739",18061,0.0159616525004942
"740",18063,0.0231851307835715
"741",18065,0.0206371849738469
"742",18067,0.0211174009352695
"743",18069,0.0228840652868921
"744",18071,0.0198045534878886
"745",18073,0.018610662358643
"746",18075,0.0199739983453492
"747",18077,0.0201401646594543
"748",18079,0.0194269855521998
"749",18081,0.020845680125744
"750",18083,0.0176128911373431
"751",18085,0.0252326263727052
"752",18087,0.0157998683344305
"753",18089,0.0146029205841168
"754",18091,0.0195983155166829
"755",18093,0.0220214030915577
"756",18095,0.0198096267835422
"757",18097,0.018551456679474
"758",18099,0.0181663070206253
"759",18101,0.0202177293934681
"760",18103,0.0211428176604712
"761",18105,0.0174977435036658
"762",18107,0.0189556925223863
"763",18109,0.023839154843884
"764",18111,0.0212410863298437
"765",18113,0.0174570088587806
"766",18115,0.11479674796748
"767",18117,0.0197010869565217
"768",18119,0.0199919224555735
"769",18121,0.0156851561385997
"770",18123,0.0199495528548498
"771",18125,0.0181672025723473
"772",18127,0.0191425169635529
"773",18129,0.0161680265941372
"774",18131,0.0167068549776094
"775",18133,0.0223534373681991
"776",18135,0.0219512195121951
"777",18137,0.0160465279237615
"778",18139,0.0180282400403429
"779",18141,0.0167045592599663
"780",18143,0.0131798957411232
"781",18145,0.0200090040518233
"782",18147,0.0184789674064444
"783",18149,0.0169096209912536
"784",18151,0.019304541517139
"785",18153,0.0166777851901268
"786",18155,0.0132402503610977
"787",18157,0.0256410256410256
"788",18159,0.0210694923607689
"789",18161,0.0169394200401952
"790",18163,0.0170224820375473
"791",18165,0.0201844673172036
"792",18167,0.0206450428958114
"793",18169,0.0217480790340285
"794",18171,0.0214669051878354
"795",18173,0.0164651630258063
"796",18175,0.0191943323173243
"797",18177,0.0206293579970375
"798",18179,0.018576512455516
"799",18181,0.015224789539674
"800",18183,0.0258031442241969
"801",19001,0.00837921953555183
"802",19003,0.0125
"803",19005,0.00956615467528968
"804",19007,0.0110497237569061
"805",19009,0.00935672514619883
"806",19011,0.0127031826253244
"807",19013,0.0108419803883291
"808",19015,0.0129074315514993
"809",19017,0.0127182730647601
"810",19019,0.00891033970670132
"811",19021,0.00808130280396718
"812",19023,0.00839713509508521
"813",19025,0.0112209965766451
"814",19027,0.00599911777679753
"815",19029,0.00838372732270478
"816",19031,0.0115855367653929
"817",19033,0.00823494811142389
"818",19035,0.00736422215403498
"819",19037,0.0070879203740009
"820",19039,0.00728051391862955
"821",19041,0.0112610101460586
"822",19043,0.00854700854700855
"823",19045,0.0127192449467331
"824",19047,0.00587084148727984
"825",19049,0.0132804969476277
"826",19051,0.00731350560702097
"827",19053,0.00762355415352261
"828",19055,0.00869739078276517
"829",19057,0.0137803166967328
"830",19059,0.00818214158662398
"831",19061,0.0103104253977673
"832",19063,0.00741809190191634
"833",19065,0.0100137443549971
"834",19067,0.00784362549800797
"835",19069,0.0087719298245614
"836",19071,0.00959294788695878
"837",19073,0.00711884516511766
"838",19075,0.0119571192963167
"839",19077,0.0123999372155078
"840",19079,0.00893868815309077
"841",19081,0.00793907971484122
"842",19083,0.0116809433752364
"843",19085,0.0104230533415083
"844",19087,0.0128230815467842
"845",19089,0.00463896732553449
"846",19091,0.00732119391777736
"847",19093,0.00701480904130943
"848",19095,0.0104701293368918
"849",19097,0.00709474629546475
"850",19099,0.0102556480380499
"851",19101,0.0106038620381739
"852",19103,0.0114965832250063
"853",19105,0.0107380107380107
"854",19107,0.00961719781255893
"855",19109,0.00671067106710671
"856",19111,0.0143420580853352
"857",19113,0.0158091292818026
"858",19115,0.0125656414103526
"859",19117,0.00647948164146868
"860",19119,0.00815969692554276
"861",19121,0.0126221498371336
"862",19123,0.011750263065591
"863",19125,0.012115224625624
"864",19127,0.011910013233348
"865",19129,0.0120948234155781
"866",19131,0.00961868773617314
"867",19133,0.00761421319796954
"868",19135,0.00513698630136986
"869",19137,0.00938614604843251
"870",19139,0.0141744472933095
"871",19141,0.0101973248576348
"872",19143,0.00540865384615385
"873",19145,0.0100956429330499
"874",19147,0.00867285195643405
"875",19149,0.00789399492528898
"876",19151,0.00967826314412765
"877",19153,0.0128383992579854
"878",19155,0.0120671563483736
"879",19157,0.00887573964497041
"880",19159,0.00663227708179808
"881",19161,0.00849141824751581
"882",19163,0.0121383600254862
"883",19165,0.012214863870493
"884",19167,0.00892341609364338
"885",19169,0.0181041576864297
"886",19171,0.00961538461538462
"887",19173,0.00523237919359803
"888",19175,0.00986257073565077
"889",19177,0.00606700079134793
"890",19179,0.0127934497537261
"891",19181,0.013853539095976
"892",19183,0.0122396940076498
"893",19185,0.00643293663557414
"894",19187,0.00718213444057906
"895",19189,0.0120603015075377
"896",19191,0.00928381962864721
"897",19193,0.0095895242714166
"898",19195,0.00860117700316885
"899",19197,0.0111928365845859
"900",20001,0.0176510522742702
"901",20003,0.0213607594936709
"902",20005,0.0235215053763441
"903",20007,0.015798462852263
"904",20009,0.0163522012578616
"905",20011,0.0167765128819652
"906",20013,0.0234846790427197
"907",20015,0.0216789667896679
"908",20017,0.0154258886653253
"909",20019,0.0152532031726663
"910",20021,0.0184049079754601
"911",20023,0.0153953813855843
"912",20025,0.0187441424554827
"913",20027,0.0265423242467719
"914",20029,0.0236922355148956
"915",20031,0.0245345016429354
"916",20033,0.0305676855895196
"917",20035,0.0212212774927974
"918",20037,0.0252928807449685
"919",20039,0.013351134846462
"920",20041,0.0174350197882126
"921",20043,0.0126718792127258
"922",20045,0.0239347844356669
"923",20047,0.013277428371768
"924",20049,0.0191036002939015
"925",20051,0.0221014492753623
"926",20053,0.0199789695057834
"927",20055,0.0202542372881356
"928",20057,0.018508132361189
"929",20059,0.0246854211749619
"930",20061,0.0309278350515464
"931",20063,0.00951733514615908
"932",20065,0.0216903515332835
"933",20067,0.0187924830067973
"934",20069,0.0157342657342657
"935",20071,0.0218408736349454
"936",20073,0.0207994800129997
"937",20075,0.0232828870779977
"938",20077,0.0182972367438387
"939",20079,0.021953896816685
"940",20081,0.0141843971631206
"941",20083,0.015311004784689
"942",20085,0.0282503037667072
"943",20087,0.0259660601104069
"944",20089,0.0178132678132678
"945",20091,0.0210936194969097
"946",20093,0.0164948453608247
"947",20095,0.0169663205874905
"948",20097,0.0248927038626609
"949",20099,0.0202031998131496
"950",20101,0.0201117318435754
"951",20103,0.0272403398191285
"952",20105,0.0189993666877771
"953",20107,0.0202140309155767
"954",20109,0.0157750342935528
"955",20111,0.0273806119531027
"956",20113,0.0235489680011082
"957",20115,0.0212731140566192
"958",20117,0.0246382479468127
"959",20119,0.0213698630136986
"960",20121,0.0212967608853208
"961",20123,0.0125765881973557
"962",20125,0.0198867868315209
"963",20127,0.0158675405312177
"964",20129,0.011686143572621
"965",20131,0.0163617171006334
"966",20133,0.0161407590519122
"967",20135,0.0165234633179114
"968",20137,0.0182194616977226
"969",20139,0.0241443683883012
"970",20141,0.0179948586118252
"971",20143,0.0235036038859292
"972",20145,0.0186199342825849
"973",20147,0.0161812297734628
"974",20149,0.0243063517541848
"975",20151,0.0232052211747643
"976",20153,0.019281914893617
"977",20155,0.0219032962313446
"978",20157,0.0191945803537825
"979",20159,0.0213012271359111
"980",20161,0.0316236939334949
"981",20163,0.0129677658391997
"982",20165,0.0190816935002982
"983",20167,0.0222094029420248
"984",20169,0.0242550242550243
"985",20171,0.0174171622769754
"986",20173,0.024149708522585
"987",20175,0.01681148469966
"988",20177,0.025672157558635
"989",20179,0.0110726643598616
"990",20181,0.0227356068940227
"991",20183,0.0140911225927666
"992",20185,0.015732546705998
"993",20187,0.0180412371134021
"994",20189,0.016740521910389
"995",20191,0.0212298682284041
"996",20193,0.0144356955380577
"997",20195,0.0153374233128834
"998",20197,0.0238339313172732
"999",20199,0.0133333333333333
"1000",20201,0.0156087408949011
"1001",20203,0.0113636363636364
"1002",20205,0.0197268588770865
"1003",20207,0.0155239327296248
"1004",20209,0.018719732323677
"1005",21001,0.00684697021567956
"1006",21003,0.0105735341236783
"1007",21005,0.013821752265861
"1008",21007,0.00757396449704142
"1009",21009,0.0100224382946896
"1010",21011,0.00781944197618624
"1011",21013,0.00776583034647551
"1012",21015,0.0146520693620898
"1013",21017,0.0109924297417816
"1014",21019,0.0132008647256336
"1015",21021,0.0145157945669455
"1016",21023,0.00636192271442036
"1017",21025,0.00918565624447977
"1018",21027,0.0101010101010101
"1019",21029,0.0134162615575255
"1020",21031,0.0102907546553414
"1021",21033,0.0090230242688239
"1022",21035,0.0130138164306599
"1023",21037,0.0156246800319456
"1024",21039,0.00568612585291888
"1025",21041,0.0106408706166868
"1026",21043,0.0092360811394044
"1027",21045,0.00739087993306373
"1028",21047,0.0145832460294179
"1029",21049,0.0124669020300088
"1030",21051,0.00527009222661397
"1031",21053,0.00608272506082725
"1032",21055,0.0110796793965111
"1033",21057,0.00634632819582956
"1034",21059,0.0136068237205524
"1035",21061,0.00978633175664655
"1036",21063,0.00601001669449082
"1037",21065,0.00978892627714898
"1038",21067,0.0156028926269454
"1039",21069,0.00523634305123125
"1040",21071,0.0067885756222861
"1041",21073,0.0140066771556852
"1042",21075,0.00743494423791822
"1043",21077,0.0150688490517017
"1044",21079,0.00988165000574515
"1045",21081,0.0125157572483342
"1046",21083,0.0109883652603126
"1047",21085,0.00709338229157974
"1048",21087,0.00498967653131452
"1049",21089,0.0097931338028169
"1050",21091,0.0146064966208851
"1051",21093,0.015385872785599
"1052",21095,0.007383100902379
"1053",21097,0.00960126510787304
"1054",21099,0.0090811327518222
"1055",21101,0.0117942768754834
"1056",21103,0.0106081164425805
"1057",21105,0.00954979536152797
"1058",21107,0.0105072295318239
"1059",21109,0.00539833142483232
"1060",21111,0.0123778467882091
"1061",21113,0.0170279227458002
"1062",21115,0.00755494505494505
"1063",21117,0.0165635504457544
"1064",21119,0.00447928331466965
"1065",21121,0.00821216002410909
"1066",21123,0.0117792083276264
"1067",21125,0.0100366587180126
"1068",21127,0.00718907260963336
"1069",21129,0.00940203083866115
"1070",21131,0.00478071087092081
"1071",21133,0.00755336617405583
"1072",21135,0.0103688594254632
"1073",21137,0.0118207642261523
"1074",21139,0.00879472316610034
"1075",21141,0.0117446946379394
"1076",21143,0.00591296121097446
"1077",21145,0.0112168491393455
"1078",21147,0.00528360528360528
"1079",21149,0.0117105813467169
"1080",21151,0.0165364553675147
"1081",21153,0.00734484024972457
"1082",21155,0.00616039426523297
"1083",21157,0.0093744673598091
"1084",21159,0.00432569974554707
"1085",21161,0.0106810756471475
"1086",21163,0.0166548547129695
"1087",21165,0.00773694390715667
"1088",21167,0.011930123561994
"1089",21169,0.0111731843575419
"1090",21171,0.00562851782363977
"1091",21173,0.0119965724078835
"1092",21175,0.0048780487804878
"1093",21177,0.00969850305713683
"1094",21179,0.0115293611529361
"1095",21181,0.00795053003533569
"1096",21183,0.00889727689404152
"1097",21185,0.0158424715309996
"1098",21187,0.00843108504398827
"1099",21189,0.00316622691292876
"1100",21191,0.00808664259927798
"1101",21193,0.00924005280030172
"1102",21195,0.00607064017660044
"1103",21197,0.0121707538601272
"1104",21199,0.0102419380410312
"1105",21201,0.00523560209424084
"1106",21203,0.00719516895798535
"1107",21205,0.0136209982103798
"1108",21207,0.00939702427564605
"1109",21209,0.016580310880829
"1110",21211,0.0127856596720754
"1111",21213,0.0146587265231333
"1112",21215,0.0108495931402572
"1113",21217,0.00951239008792966
"1114",21219,0.0108390954961689
"1115",21221,0.0101694915254237
"1116",21223,0.0138921046538551
"1117",21225,0.0101885644768856
"1118",21227,0.0148687467254431
"1119",21229,0.0115699823236381
"1120",21231,0.00746753246753247
"1121",21233,0.00901352028042063
"1122",21235,0.01153319867075
"1123",21237,0.00704934541792548
"1124",21239,0.0155808296627441
"1125",22001,0.00847845206684257
"1126",22003,0.00744138634046891
"1127",22005,0.0130926594464501
"1128",22007,0.00605251446372942
"1129",22009,0.00931066389081656
"1130",22011,0.0105153756801369
"1131",22013,0.00695035460992908
"1132",22015,0.0115634434178026
"1133",22017,0.00973196583803569
"1134",22019,0.0131013875615451
"1135",22021,0.00440991180176396
"1136",22023,0.00569447883139391
"1137",22025,0.00535199670646357
"1138",22027,0.00440729483282675
"1139",22029,0.00724966017217943
"1140",22031,0.00536102062975027
"1141",22033,0.0117205137812107
"1142",22035,0.00658761528326746
"1143",22037,0.00846893139214007
"1144",22039,0.00622891253568648
"1145",22041,0.00462962962962963
"1146",22043,0.0084114139693356
"1147",22045,0.00773392840766668
"1148",22047,0.00843351875112148
"1149",22049,0.00668238993710692
"1150",22051,0.00998797313828826
"1151",22053,0.00882689845697729
"1152",22055,0.0132028186970075
"1153",22057,0.00934167621397726
"1154",22059,0.00551080966511234
"1155",22061,0.0143190661478599
"1156",22063,0.0125249118503756
"1157",22065,0.00492505353319058
"1158",22067,0.00483843096595818
"1159",22069,0.0103902380089404
"1160",22071,0.00901478469679843
"1161",22073,0.00902177370384293
"1162",22075,0.00935173415652805
"1163",22077,0.00759841564950287
"1164",22079,0.0117727002463263
"1165",22081,0.00750242013552759
"1166",22083,0.00533199195171026
"1167",22085,0.0046243865609664
"1168",22087,0.0106515580736544
"1169",22089,0.0103096398639408
"1170",22091,0.00698278661903215
"1171",22093,0.00373312152501986
"1172",22095,0.00550578574094812
"1173",22097,0.00731399134956505
"1174",22099,0.00758192173977365
"1175",22101,0.00746139912015872
"1176",22103,0.0133323817000928
"1177",22105,0.0102148766063717
"1178",22107,0.0043069694596711
"1179",22109,0.00938581314878893
"1180",22111,0.00678510847245782
"1181",22113,0.00834431269213878
"1182",22115,0.0108871901783646
"1183",22117,0.00614974632296418
"1184",22119,0.00653271848924023
"1185",22121,0.00865432361495354
"1186",22123,0.00237529691211401
"1187",22125,0.0105296745373325
"1188",22127,0.00578313253012048
"1189",23001,0.0186149155169219
"1190",23003,0.0116266224799779
"1191",23005,0.0150933572894229
"1192",23007,0.0200579578385136
"1193",23009,0.0153884964682139
"1194",23011,0.0193623906906287
"1195",23013,0.0136370620774431
"1196",23015,0.0176048958376996
"1197",23017,0.0192250813368826
"1198",23019,0.0215248511023649
"1199",23021,0.0173069227691076
"1200",23023,0.0194810543657331
"1201",23025,0.0167186883363829
"1202",23027,0.0163640804363755
"1203",23029,0.0132043255549232
"1204",23031,0.0167045680010989
"1205",24001,0.0100518912568128
"1206",24003,0.0150250147763204
"1207",24005,0.0118742348143792
"1208",24009,0.0149247653370798
"1209",24011,0.0144991769026212
"1210",24013,0.0202139005452171
"1211",24015,0.0148750579410897
"1212",24017,0.00859237077923529
"1213",24019,0.0108906553170182
"1214",24021,0.0156714624180201
"1215",24023,0.013580167830376
"1216",24025,0.0166884860918035
"1217",24027,0.0134981590936404
"1218",24029,0.0108393551973319
"1219",24031,0.00795701301937449
"1220",24033,0.00426027703569453
"1221",24035,0.0135688345988775
"1222",24037,0.0199766460073655
"1223",24039,0.00808120626786242
"1224",24041,0.0121480824650853
"1225",24043,0.0123342038094395
"1226",24045,0.0116409901332872
"1227",24047,0.0106023792243855
"1228",24510,0.00741595461991653
"1229",25001,0.0122498547969798
"1230",25003,0.0129160803109891
"1231",25005,0.0130329395373964
"1232",25007,0.0107201118620368
"1233",25009,0.0126142548616459
"1234",25011,0.0160919005650769
"1235",25013,0.0134560425375804
"1236",25015,0.0122945252003804
"1237",25017,0.012249423992951
"1238",25019,0.0110384300899428
"1239",25021,0.0126288797738431
"1240",25023,0.0141836969756804
"1241",25025,0.00877416676550824
"1242",25027,0.0163937818592342
"1243",26001,0.00707814269535674
"1244",26003,0.00799531981279251
"1245",26005,0.014054908039467
"1246",26007,0.0129648181978903
"1247",26009,0.0118502727443727
"1248",26011,0.0109840335182878
"1249",26013,0.00767706785537395
"1250",26015,0.0133407603397855
"1251",26017,0.0114181395734794
"1252",26019,0.0104387538737563
"1253",26021,0.0128897573764125
"1254",26023,0.0105181145305804
"1255",26025,0.0134276791237308
"1256",26027,0.0109093683246872
"1257",26029,0.00941176470588235
"1258",26031,0.0123519032014116
"1259",26033,0.0132071193742206
"1260",26035,0.0099502487562189
"1261",26037,0.0137500782439961
"1262",26039,0.0087775092227452
"1263",26041,0.0117724930263345
"1264",26043,0.0128178764822812
"1265",26045,0.0139132868002549
"1266",26047,0.0128060603327772
"1267",26049,0.0100921575713769
"1268",26051,0.00972402930904609
"1269",26053,0.00810549237841761
"1270",26055,0.0132146888903646
"1271",26057,0.0125477074292884
"1272",26059,0.0112007552999743
"1273",26061,0.0154045727257986
"1274",26063,0.00786462005749308
"1275",26065,0.0129574541681079
"1276",26067,0.0152131391846999
"1277",26069,0.00989390093080779
"1278",26071,0.00795404330534688
"1279",26073,0.0124061044831923
"1280",26075,0.0137643610640482
"1281",26077,0.0143919003723486
"1282",26079,0.0133571630138275
"1283",26081,0.0152195829917352
"1284",26083,0.0109184328837508
"1285",26085,0.0102799304127787
"1286",26087,0.0108831908831909
"1287",26089,0.00792899408284024
"1288",26091,0.0129274004683841
"1289",26093,0.0118792109876805
"1290",26095,0.00899700099966678
"1291",26097,0.00798289379900214
"1292",26099,0.00902771033634392
"1293",26101,0.0105083589218697
"1294",26103,0.0136404890288826
"1295",26105,0.00828793323287354
"1296",26107,0.0143949831345907
"1297",26109,0.00991512651701436
"1298",26111,0.0142804758800522
"1299",26113,0.0126784694460308
"1300",26115,0.0124615596456603
"1301",26117,0.0133333333333333
"1302",26119,0.00187745349035672
"1303",26121,0.0131863614728917
"1304",26123,0.0121865910680755
"1305",26125,0.0094528338380816
"1306",26127,0.0118048641729484
"1307",26129,0.0112538842697573
"1308",26131,0.00788643533123028
"1309",26133,0.0109497931705734
"1310",26135,0.00800164136233074
"1311",26137,0.0119943077861354
"1312",26139,0.0137215270903843
"1313",26141,0.00838926174496644
"1314",26143,0.00805699826874417
"1315",26145,0.00974368402209987
"1316",26147,0.0120459680222454
"1317",26149,0.0148911798396334
"1318",26151,0.0094894413258487
"1319",26153,0.00842992623814542
"1320",26155,0.0133591678564144
"1321",26157,0.0111054508405502
"1322",26159,0.0129012440485333
"1323",26161,0.00903806522562818
"1324",26163,0.00752691499640675
"1325",26165,0.0141801259238982
"1326",27001,0.00548628428927681
"1327",27003,0.0117225242975958
"1328",27005,0.00865934745631669
"1329",27007,0.010583322998057
"1330",27009,0.0157681940700809
"1331",27011,0.0047074646940148
"1332",27013,0.0132312557210618
"1333",27015,0.00929279125384353
"1334",27017,0.0113407629240513
"1335",27019,0.0123867934479589
"1336",27021,0.00606922193668325
"1337",27023,0.0087732566933898
"1338",27025,0.0134220422331501
"1339",27027,0.0127175160519867
"1340",27029,0.00594732370433305
"1341",27031,0.00945874934314241
"1342",27033,0.0090060586212543
"1343",27035,0.00888656560376372
"1344",27037,0.0112751135328054
"1345",27039,0.0137031262821039
"1346",27041,0.00984895510035175
"1347",27043,0.0090978013646702
"1348",27045,0.011119347664937
"1349",27047,0.00868117493162088
"1350",27049,0.0138636681100712
"1351",27051,0.011767925561029
"1352",27053,0.00995543468052261
"1353",27055,0.00996503496503496
"1354",27057,0.0103355187042036
"1355",27059,0.0125438415514751
"1356",27061,0.00929934866910131
"1357",27063,0.00910809417425675
"1358",27065,0.0100627569790089
"1359",27067,0.00902982839046519
"1360",27069,0.0166729821902236
"1361",27071,0.00866801502455938
"1362",27073,0.00495049504950495
"1363",27075,0.0108303249097473
"1364",27077,0.00913621262458472
"1365",27079,0.0100487572838625
"1366",27081,0.00738362760834671
"1367",27083,0.010858605444815
"1368",27085,0.0139492667080686
"1369",27087,0.00390625
"1370",27089,0.00723645609231371
"1371",27091,0.00890180761195386
"1372",27093,0.00901766575504472
"1373",27095,0.0123221458234053
"1374",27097,0.00884548522343798
"1375",27099,0.00914965107262859
"1376",27101,0.0065359477124183
"1377",27103,0.0116078431372549
"1378",27105,0.00676993689041882
"1379",27107,0.00900900900900901
"1380",27109,0.0117962466487936
"1381",27111,0.00706063353388829
"1382",27113,0.0141541844166552
"1383",27115,0.0104993437910131
"1384",27117,0.00506072874493927
"1385",27119,0.00788764909580608
"1386",27121,0.00797493591569353
"1387",27123,0.00967980620115752
"1388",27125,0.00819672131147541
"1389",27127,0.0091743119266055
"1390",27129,0.00836614173228347
"1391",27131,0.0104242560107605
"1392",27133,0.0066793893129771
"1393",27135,0.00961881011756324
"1394",27137,0.0116120504304323
"1395",27139,0.0119138293639516
"1396",27141,0.013198590232324
"1397",27143,0.00840037860861335
"1398",27145,0.0122119408263099
"1399",27147,0.0131578947368421
"1400",27149,0.00865290068829892
"1401",27151,0.00808781051415367
"1402",27153,0.00641170702270499
"1403",27155,0.00643776824034335
"1404",27157,0.0101348776956489
"1405",27159,0.00703399765533412
"1406",27161,0.0118394455674271
"1407",27163,0.0113618649047282
"1408",27165,0.0053835800807537
"1409",27167,0.0119533527696793
"1410",27169,0.0100099363338608
"1411",27171,0.0120350374881712
"1412",27173,0.00814037626628075
"1413",28001,0.00348862562686242
"1414",28003,0.00747166466155892
"1415",28005,0.00291828793774319
"1416",28007,0.00408024481468888
"1417",28009,0.00279785497785031
"1418",28011,0.00349243306169965
"1419",28013,0.00227617602427921
"1420",28015,0.0024557095246448
"1421",28017,0.00921262744134627
"1422",28019,0.00378877575183519
"1423",28021,0.0024724657226343
"1424",28023,0.00335811945310626
"1425",28025,0.00471096280302287
"1426",28027,0.00235266439242442
"1427",28029,0.00450205697430723
"1428",28031,0.00352564102564103
"1429",28033,0.00948452524827912
"1430",28035,0.0103936311366652
"1431",28037,0.0047074646940148
"1432",28039,0.00488732011946783
"1433",28041,0.00344115622849277
"1434",28043,0.00348272385665842
"1435",28045,0.00873216586343465
"1436",28047,0.00958188153310104
"1437",28049,0.0039601980099005
"1438",28051,0.00320394331484905
"1439",28053,0.0023872045834328
"1440",28055,0.00739644970414201
"1441",28057,0.00730196875866531
"1442",28059,0.00869039106759804
"1443",28061,0.00343406593406593
"1444",28063,0.00358239508700102
"1445",28065,0.00257524545308225
"1446",28067,0.00561629723173042
"1447",28069,0.0021137180300148
"1448",28071,0.0103317252273406
"1449",28073,0.00926803580832017
"1450",28075,0.00476845777194611
"1451",28077,0.00287312868592167
"1452",28079,0.00206521739130435
"1453",28081,0.00790171564647941
"1454",28083,0.00284586431653355
"1455",28085,0.00380929706565085
"1456",28087,0.00668110568628171
"1457",28089,0.00624421831637373
"1458",28091,0.003613369467028
"1459",28093,0.00303470948978947
"1460",28095,0.00538849296019468
"1461",28097,0.00177339901477833
"1462",28099,0.00393061608134666
"1463",28101,0.00461553569674948
"1464",28103,0.0024349129050384
"1465",28105,0.0129068178367161
"1466",28107,0.00307160683432521
"1467",28109,0.00665751258685973
"1468",28111,0.00354969574036511
"1469",28113,0.00524737631184408
"1470",28115,0.00717220249286261
"1471",28117,0.00657647500939496
"1472",28119,0.0037197768133912
"1473",28121,0.00785507041256811
"1474",28123,0.00354048262368397
"1475",28125,0.00412276683463124
"1476",28127,0.00414727041895895
"1477",28129,0.00396301188903567
"1478",28131,0.00723533891850724
"1479",28133,0.00185931205453982
"1480",28135,0.00351802990325418
"1481",28137,0.00641564194607806
"1482",28139,0.00425658285488022
"1483",28141,0.0106150142263077
"1484",28143,0.00252667040988209
"1485",28145,0.00638650161633683
"1486",28147,0.00266891417333895
"1487",28149,0.00441742269510284
"1488",28151,0.00294313638382941
"1489",28153,0.00447494033412888
"1490",28155,0.00500463392029657
"1491",28157,0.00290768112430337
"1492",28159,0.00443915114768298
"1493",28161,0.00397857689364958
"1494",28163,0.0020122652357225
"1495",29001,0.0151896284829721
"1496",29003,0.0123051681706317
"1497",29005,0.0167022032693674
"1498",29007,0.0164226726726727
"1499",29009,0.0115399410180792
"1500",29011,0.0077340793154517
"1501",29013,0.0142585551330798
"1502",29015,0.0145093547155403
"1503",29017,0.00852415176332943
"1504",29019,0.0215865215865216
"1505",29021,0.0144543417673097
"1506",29023,0.0103632655311174
"1507",29025,0.0106791969243913
"1508",29027,0.0175463488460083
"1509",29029,0.0102772851845881
"1510",29031,0.0128942670105138
"1511",29033,0.00706090026478376
"1512",29035,0.0062133241284087
"1513",29037,0.0158166109253066
"1514",29039,0.0113571834185122
"1515",29041,0.00981113563895021
"1516",29043,0.0136211276927347
"1517",29045,0.009428403064231
"1518",29047,0.0159517733410235
"1519",29049,0.0137766348273328
"1520",29051,0.0152546231880392
"1521",29053,0.0159898769124583
"1522",29055,0.00929554360703545
"1523",29057,0.0101966496722505
"1524",29059,0.00888450148075025
"1525",29061,0.0125287650217336
"1526",29063,0.0128019822424117
"1527",29065,0.0113413609633156
"1528",29067,0.00971428571428571
"1529",29069,0.00585468854976485
"1530",29071,0.0151997764738754
"1531",29073,0.0104758298624258
"1532",29075,0.0105035526722274
"1533",29077,0.0173060648801128
"1534",29079,0.0094658553076403
"1535",29081,0.00575013068478829
"1536",29083,0.010567296996663
"1537",29085,0.00767716535433071
"1538",29087,0.009816474605207
"1539",29089,0.0208169677926159
"1540",29091,0.0105630026809651
"1541",29093,0.00718641114982578
"1542",29095,0.0157928499424696
"1543",29097,0.0164654645476773
"1544",29099,0.0140117235705471
"1545",29101,0.0239588288716862
"1546",29103,0.0140237324703344
"1547",29105,0.0107783004823438
"1548",29107,0.0140721196130167
"1549",29109,0.011281764870148
"1550",29111,0.0132349750488175
"1551",29113,0.015507615962506
"1552",29115,0.0120502968913727
"1553",29117,0.00843444806155667
"1554",29119,0.0125925107699105
"1555",29121,0.00995405819295559
"1556",29123,0.00933756166314306
"1557",29125,0.0104799832320268
"1558",29127,0.0142343422235541
"1559",29129,0.00730747611017426
"1560",29131,0.0107413988047165
"1561",29133,0.00630782169890664
"1562",29135,0.0122956546038843
"1563",29137,0.0124916350658041
"1564",29139,0.0145530145530146
"1565",29141,0.0103299251607463
"1566",29143,0.00593103448275862
"1567",29145,0.0135539517690547
"1568",29147,0.0132416860406348
"1569",29149,0.0122388689596961
"1570",29151,0.00888712030773312
"1571",29153,0.00657894736842105
"1572",29155,0.00784655623365301
"1573",29157,0.0107970784375992
"1574",29159,0.0199507776090485
"1575",29161,0.0187551103843009
"1576",29163,0.0120857699805068
"1577",29165,0.0157499563471276
"1578",29167,0.0184545937334041
"1579",29169,0.019841820452338
"1580",29171,0.00550614146548073
"1581",29173,0.00900741787354292
"1582",29175,0.0186150409530901
"1583",29177,0.0124474203794317
"1584",29179,0.00727713765918739
"1585",29181,0.00594717509183138
"1586",29183,0.0149402973646162
"1587",29185,0.00864495375954966
"1588",29186,0.0117039223956137
"1589",29187,0.0120352844541266
"1590",29189,0.0114065535021232
"1591",29195,0.0141821619918059
"1592",29197,0.00998502246630055
"1593",29199,0.0126008064516129
"1594",29201,0.00880410858400587
"1595",29203,0.00614439324116743
"1596",29205,0.0137313432835821
"1597",29207,0.0073737524206763
"1598",29209,0.00789915057079478
"1599",29211,0.0056657223796034
"1600",29213,0.0124010955569081
"1601",29215,0.00821917808219178
"1602",29217,0.0119760479041916
"1603",29219,0.0175238095238095
"1604",29221,0.00942261427425822
"1605",29223,0.00612453215379381
"1606",29225,0.0135257468448799
"1607",29227,0.012646793134598
"1608",29229,0.0107563794484495
"1609",29510,0.011182741078832
"1610",30001,0.0229641406111994
"1611",30003,0.0179765886287625
"1612",30005,0.0189284568495348
"1613",30007,0.0217232121064193
"1614",30009,0.0231140102098695
"1615",30011,0.0173611111111111
"1616",30013,0.0279302996113827
"1617",30015,0.0279932546374368
"1618",30017,0.024061433447099
"1619",30019,0.019723865877712
"1620",30021,0.0217616580310881
"1621",30023,0.0292373747699857
"1622",30025,0.0177777777777778
"1623",30027,0.0218226525280467
"1624",30029,0.0223738654564869
"1625",30031,0.0315445413432142
"1626",30033,0.00984009840098401
"1627",30035,0.0218978102189781
"1628",30037,0.021868787276342
"1629",30039,0.0214081826831589
"1630",30041,0.0339738234475077
"1631",30043,0.0222058643111275
"1632",30045,0.021577380952381
"1633",30047,0.0233369421388187
"1634",30049,0.0263338459718443
"1635",30051,0.0120036934441367
"1636",30053,0.0204307482761556
"1637",30055,0.0150709219858156
"1638",30057,0.0205355676030885
"1639",30059,0.0171171171171171
"1640",30061,0.019118220834959
"1641",30063,0.0250507028463529
"1642",30065,0.015619576535925
"1643",30067,0.0225661421407574
"1644",30069,0.0316091954022989
"1645",30071,0.0125944584382872
"1646",30073,0.0203672787979967
"1647",30075,0.0105633802816901
"1648",30077,0.0226486316451714
"1649",30079,0.0201612903225806
"1650",30081,0.0220998351282141
"1651",30083,0.0212142117971714
"1652",30085,0.0276325616131441
"1653",30087,0.0233236151603499
"1654",30089,0.0186302807662031
"1655",30091,0.0261083743842365
"1656",30093,0.0279236788508951
"1657",30095,0.0185185185185185
"1658",30097,0.0233033524121014
"1659",30099,0.0173960315303071
"1660",30101,0.0264275601698915
"1661",30103,0.0195652173913043
"1662",30105,0.0225299225533912
"1663",30107,0.0187265917602996
"1664",30109,0.00836120401337793
"1665",30111,0.0282745374070937
"1666",31001,0.0208190658813861
"1667",31003,0.0106056377337427
"1668",31005,0.0105633802816901
"1669",31007,0.0121951219512195
"1670",31009,0.00630914826498423
"1671",31011,0.0202051600870376
"1672",31013,0.0247056552789037
"1673",31015,0.00693842150910668
"1674",31017,0.0107206670637284
"1675",31019,0.0253931917419136
"1676",31021,0.0235861699276333
"1677",31023,0.0184526456202757
"1678",31025,0.0278722847422141
"1679",31027,0.0194155324259408
"1680",31029,0.0135474159558455
"1681",31031,0.0147013782542113
"1682",31033,0.0203567681007345
"1683",31035,0.0219224283305228
"1684",31037,0.0150659133709981
"1685",31039,0.0166254774208043
"1686",31041,0.0195227765726681
"1687",31043,0.0182513982926111
"1688",31045,0.0262072312545499
"1689",31047,0.017106123338418
"1690",31049,0.0193798449612403
"1691",31051,0.0314628608498216
"1692",31053,0.020621000237023
"1693",31055,0.0197926175936803
"1694",31057,0.011011011011011
"1695",31059,0.0261646458200383
"1696",31061,0.00638051044083527
"1697",31063,0.0152777777777778
"1698",31065,0.0149942329873126
"1699",31067,0.0215034333212866
"1700",31069,0.0150627615062762
"1701",31071,0.00837209302325581
"1702",31073,0.00894454382826476
"1703",31075,0.0174129353233831
"1704",31077,0.0103338632750397
"1705",31079,0.0206777713957496
"1706",31081,0.0191577805891921
"1707",31083,0.0160788381742739
"1708",31085,0.0112359550561798
"1709",31087,0.0204220558202859
"1710",31089,0.0148094636084522
"1711",31091,0.0158371040723982
"1712",31093,0.0191373893173379
"1713",31095,0.0226049515608181
"1714",31097,0.0287124270973531
"1715",31099,0.0224750277469478
"1716",31101,0.0130614115490376
"1717",31103,0.00756143667296786
"1718",31105,0.0229455709711846
"1719",31107,0.0151160315094741
"1720",31109,0.0237425604294931
"1721",31111,0.0201087274215234
"1722",31113,0.0111111111111111
"1723",31115,0.0198237885462555
"1724",31117,0.033112582781457
"1725",31119,0.0220107833809071
"1726",31121,0.0223161851068828
"1727",31123,0.0226828314430974
"1728",31125,0.0175054704595186
"1729",31127,0.0216184633362547
"1730",31129,0.0160660008684325
"1731",31131,0.0211665664461816
"1732",31133,0.0251924422673198
"1733",31135,0.0155440414507772
"1734",31137,0.0199640646835696
"1735",31139,0.0159760359460809
"1736",31141,0.0144835066675174
"1737",31143,0.0201458839874957
"1738",31145,0.0212765957446809
"1739",31147,0.0138148327678139
"1740",31149,0.0154577883472057
"1741",31151,0.0265164644714038
"1742",31153,0.0260052470393946
"1743",31155,0.0232430310168826
"1744",31157,0.0207511797789127
"1745",31159,0.0234084445416758
"1746",31161,0.0149700598802395
"1747",31163,0.019434628975265
"1748",31165,0.0205761316872428
"1749",31167,0.0215121796899715
"1750",31169,0.0161073825503356
"1751",31171,0.0117096018735363
"1752",31173,0.00989247311827957
"1753",31175,0.0115384615384615
"1754",31177,0.0222347538870539
"1755",31179,0.0292857142857143
"1756",31181,0.0159914712153518
"1757",31183,0.0099601593625498
"1758",31185,0.0246395072098558
"1759",32001,0.021892710193308
"1760",32003,0.00900434841634544
"1761",32005,0.0119295365946596
"1762",32007,0.0170332923441272
"1763",32009,0.0125
"1764",32011,0.00595238095238095
"1765",32013,0.0133830909792819
"1766",32015,0.0130198915009042
"1767",32017,0.00695012264922322
"1768",32019,0.0152502563763274
"1769",32021,0.015040825096691
"1770",32023,0.00957597730138714
"1771",32027,0.00646551724137931
"1772",32029,0.0118549511854951
"1773",32031,0.0139865690834908
"1774",32033,0.00985560394224158
"1775",32510,0.0145263795016645
"1776",33001,0.0155765674246568
"1777",33003,0.0127028084645255
"1778",33005,0.0180913613749435
"1779",33007,0.015622161671208
"1780",33009,0.0163250935774376
"1781",33011,0.0171991980635747
"1782",33013,0.0173821056734035
"1783",33015,0.0144669463475488
"1784",33017,0.0188325452470243
"1785",33019,0.0197703035274815
"1786",34001,0.00684134227421071
"1787",34003,0.00575175103711009
"1788",34005,0.00843604324332593
"1789",34007,0.00711975088430027
"1790",34009,0.00538864053782444
"1791",34011,0.00636136392770158
"1792",34013,0.00375313847517166
"1793",34015,0.00935975998239253
"1794",34017,0.00501100660396238
"1795",34019,0.0116925049262838
"1796",34021,0.00808022468347263
"1797",34023,0.00682227362819944
"1798",34025,0.00716116048879945
"1799",34027,0.0081383927676549
"1800",34029,0.00722952950959838
"1801",34031,0.00493055648683322
"1802",34033,0.0119686339248865
"1803",34035,0.00882927380433554
"1804",34037,0.01243747157799
"1805",34039,0.00564051685633086
"1806",34041,0.010775330251534
"1807",35001,0.0152051387008407
"1808",35003,0.00730868443680138
"1809",35005,0.0119413625629372
"1810",35006,0.0111198472425025
"1811",35007,0.0144614361702128
"1812",35009,0.0162240911197934
"1813",35011,0.0122086570477248
"1814",35013,0.0136614997398386
"1815",35015,0.0102919645164069
"1816",35017,0.0110148943540007
"1817",35019,0.00959342165372316
"1818",35021,0.00594059405940594
"1819",35023,0.00658561296859169
"1820",35025,0.0102304235586576
"1821",35027,0.0109644867067728
"1822",35028,0.0292849589197104
"1823",35029,0.00900900900900901
"1824",35031,0.0100430416068867
"1825",35033,0.00521221146686523
"1826",35035,0.0164184803360061
"1827",35037,0.0105861089594629
"1828",35039,0.00715660331970171
"1829",35041,0.0208837772397094
"1830",35043,0.0155037747185288
"1831",35045,0.0158144337782537
"1832",35047,0.00997311594831324
"1833",35049,0.00921838325610809
"1834",35051,0.0111017661900757
"1835",35053,0.0157821229050279
"1836",35055,0.00884698213142425
"1837",35057,0.0144210960032962
"1838",35059,0.00614868641699273
"1839",35061,0.0125786163522013
"1840",36001,0.00984314308427101
"1841",36003,0.0161761186886815
"1842",36005,0.00179232606920923
"1843",36007,0.0118082443793185
"1844",36009,0.01285053401108
"1845",36011,0.010854189336235
"1846",36013,0.0126484858624728
"1847",36015,0.0141018861272695
"1848",36017,0.0140964446625329
"1849",36019,0.00782894183012038
"1850",36021,0.00997736228724742
"1851",36023,0.0134752420975699
"1852",36025,0.0116148045419086
"1853",36027,0.00820994278716694
"1854",36029,0.00931023706602739
"1855",36031,0.00888546481766821
"1856",36033,0.00890834191555098
"1857",36035,0.0103024260551678
"1858",36037,0.0154938670109748
"1859",36039,0.0120458135860979
"1860",36041,0.0117512181140728
"1861",36043,0.0100811907983762
"1862",36045,0.0121688685444945
"1863",36047,0.00272061539798779
"1864",36049,0.00966554157717091
"1865",36051,0.0145312105130149
"1866",36053,0.013891320842818
"1867",36055,0.0126858218665498
"1868",36057,0.0113903793655276
"1869",36059,0.00486748495670864
"1870",36061,0.00474618800835466
"1871",36063,0.0108042644899205
"1872",36065,0.0116425424795469
"1873",36067,0.0108364518893782
"1874",36069,0.0164267288008654
"1875",36071,0.00800900147139436
"1876",36073,0.0170907502457137
"1877",36075,0.012706920440458
"1878",36077,0.0144917266059597
"1879",36079,0.00742976969521675
"1880",36081,0.00312524386467933
"1881",36083,0.0127060353667992
"1882",36085,0.0041716575110487
"1883",36087,0.00429380173205356
"1884",36089,0.00965383170963395
"1885",36091,0.0130057803468208
"1886",36093,0.012244464785556
"1887",36095,0.0178368121442125
"1888",36097,0.0132666598632514
"1889",36099,0.0122789158926072
"1890",36101,0.012253848138275
"1891",36103,0.00588222099364409
"1892",36105,0.00703062734828646
"1893",36107,0.0165276122367898
"1894",36109,0.0102936066712995
"1895",36111,0.00895476772616137
"1896",36113,0.0116502720228609
"1897",36115,0.0120328425821065
"1898",36117,0.0145677422220248
"1899",36119,0.00555741836392545
"1900",36121,0.0137042549915311
"1901",36123,0.0152947719688543
"1902",37001,0.00796831259945871
"1903",37003,0.0062759438624234
"1904",37005,0.00576036866359447
"1905",37007,0.00366267643380382
"1906",37009,0.0079676236246364
"1907",37011,0.00592091351237048
"1908",37013,0.00520615618468554
"1909",37015,0.00295466123280693
"1910",37017,0.00397080291970803
"1911",37019,0.00711948988078736
"1912",37021,0.0090363869306612
"1913",37023,0.00605354019999103
"1914",37025,0.00934938196831788
"1915",37027,0.00637418571528637
"1916",37029,0.0127666722660843
"1917",37031,0.00873638599367607
"1918",37033,0.00531076259231599
"1919",37035,0.0078154030566377
"1920",37037,0.00753101915677277
"1921",37039,0.00578457041953358
"1922",37041,0.00603802672147996
"1923",37043,0.00667343681996228
"1924",37045,0.00641225539876822
"1925",37047,0.00332753535506315
"1926",37049,0.0117968529162348
"1927",37051,0.0111790689772341
"1928",37053,0.0129435808509321
"1929",37055,0.00920270716408055
"1930",37057,0.00794224642429446
"1931",37059,0.00841531350005926
"1932",37061,0.0036979969183359
"1933",37063,0.00835954956256878
"1934",37065,0.0038073556541194
"1935",37067,0.00886868385750484
"1936",37069,0.00891542395116597
"1937",37071,0.00787892431037767
"1938",37073,0.0068665215206833
"1939",37075,0.00557341907824223
"1940",37077,0.00772200772200772
"1941",37079,0.00297041014509311
"1942",37081,0.00784572878805987
"1943",37083,0.00240692573469467
"1944",37085,0.0121455406309505
"1945",37087,0.00914016747851787
"1946",37089,0.00979947638618713
"1947",37091,0.00263306375775813
"1948",37093,0.0121077683811636
"1949",37095,0.00682182985553772
"1950",37097,0.00885993103515644
"1951",37099,0.0119936531640844
"1952",37101,0.0104528678035507
"1953",37103,0.00615384615384615
"1954",37105,0.00810121345835632
"1955",37107,0.00443521419268542
"1956",37109,0.0074277635063823
"1957",37111,0.00799895665782724
"1958",37113,0.00814732680904402
"1959",37115,0.00787702661364332
"1960",37117,0.00470494417862839
"1961",37119,0.00957053397125136
"1962",37121,0.00519853998451499
"1963",37123,0.00607051132383843
"1964",37125,0.00891341983921562
"1965",37127,0.00549061621166612
"1966",37129,0.0115375862853675
"1967",37131,0.0029673590504451
"1968",37133,0.0208486190904686
"1969",37135,0.00768262409261503
"1970",37137,0.00576595465862928
"1971",37139,0.00809167211137357
"1972",37141,0.00962861072902338
"1973",37143,0.00587920897915553
"1974",37145,0.00657714442312962
"1975",37147,0.00908955956744659
"1976",37149,0.00695905486324648
"1977",37151,0.00690163129466965
"1978",37153,0.0047680970957954
"1979",37155,0.00341188437738408
"1980",37157,0.00652596791399109
"1981",37159,0.00786017872711421
"1982",37161,0.0063318713874931
"1983",37163,0.00499685512614438
"1984",37165,0.00365482233502538
"1985",37167,0.00662954123574649
"1986",37169,0.00700361853624373
"1987",37171,0.00641410557344833
"1988",37173,0.0101867572156197
"1989",37175,0.00882179964712801
"1990",37177,0.00440286186020914
"1991",37179,0.00867102762363466
"1992",37181,0.00447640363826849
"1993",37183,0.0118924394219964
"1994",37185,0.00612066452929175
"1995",37187,0.00273972602739726
"1996",37189,0.0119801365611421
"1997",37191,0.00680627329528062
"1998",37193,0.00603394800654148
"1999",37195,0.00601448385908924
"2000",37197,0.00657531496260603
"2001",37199,0.00722339675828048
"2002",38001,0.0236406619385343
"2003",38003,0.0289308176100629
"2004",38005,0.0198878123406425
"2005",38007,0.0330708661417323
"2006",38009,0.0187265917602996
"2007",38011,0.0181050090525045
"2008",38013,0.0173160173160173
"2009",38015,0.0269540716804918
"2010",38017,0.0289937596597446
"2011",38019,0.0198019801980198
"2012",38021,0.025990099009901
"2013",38023,0.0249584026622296
"2014",38025,0.0166809238665526
"2015",38027,0.0174464710547185
"2016",38029,0.0134395221503235
"2017",38031,0.0185601799775028
"2018",38033,0.0155945419103314
"2019",38035,0.0282208588957055
"2020",38037,0.0202751629254164
"2021",38039,0.0272
"2022",38041,0.017530487804878
"2023",38043,0.0150684931506849
"2024",38045,0.0198287516899504
"2025",38047,0.0130111524163569
"2026",38049,0.0226440226440226
"2027",38051,0.0206185567010309
"2028",38053,0.0202989481454143
"2029",38055,0.0173410404624277
"2030",38057,0.0218181818181818
"2031",38059,0.0259943438233347
"2032",38061,0.0180072028811525
"2033",38063,0.024198086662915
"2034",38065,0.0168855534709193
"2035",38067,0.0198138697087962
"2036",38069,0.0178571428571429
"2037",38071,0.0238272524199553
"2038",38073,0.0350448247758761
"2039",38075,0.0242608036391205
"2040",38077,0.0244495647721454
"2041",38079,0.0157728706624606
"2042",38081,0.029951690821256
"2043",38083,0.0197044334975369
"2044",38085,0.0404721753794266
"2045",38087,0.00468384074941452
"2046",38089,0.026312292358804
"2047",38091,0.0349264705882353
"2048",38093,0.025002510292198
"2049",38095,0.0212947189097104
"2050",38097,0.0265957446808511
"2051",38099,0.0198620112899854
"2052",38101,0.0299157402818098
"2053",38103,0.0134793597304128
"2054",38105,0.0252546393191014
"2055",39001,0.00757513379991766
"2056",39003,0.0122901304003666
"2057",39005,0.0130657072524143
"2058",39007,0.0126622420549528
"2059",39009,0.0114739629302736
"2060",39011,0.0100865112309423
"2061",39013,0.00861339458413926
"2062",39015,0.00862722791050436
"2063",39017,0.0116581073916792
"2064",39019,0.0109766394596116
"2065",39021,0.013018225515722
"2066",39023,0.0129103594343736
"2067",39025,0.0136947863866763
"2068",39027,0.0131534077069226
"2069",39029,0.0121740874448456
"2070",39031,0.0135611446322958
"2071",39033,0.0134390408972252
"2072",39035,0.0073409305224799
"2073",39037,0.0121987174762291
"2074",39039,0.0140343635519323
"2075",39041,0.0129293249781867
"2076",39043,0.0129416139828933
"2077",39045,0.012399323018569
"2078",39047,0.0104662226450999
"2079",39049,0.0122395837463149
"2080",39051,0.0131313131313131
"2081",39053,0.00956591057322994
"2082",39055,0.00953213973331429
"2083",39057,0.0164479992780028
"2084",39059,0.00970927043335162
"2085",39061,0.0120924792715273
"2086",39063,0.0149596347785716
"2087",39065,0.014493847663622
"2088",39067,0.0077073807968648
"2089",39069,0.0118531563261989
"2090",39071,0.00742020735921935
"2091",39073,0.01171875
"2092",39075,0.00965474627326794
"2093",39077,0.0142331739610151
"2094",39079,0.0097336758145194
"2095",39081,0.0107007973143097
"2096",39083,0.0119115867252691
"2097",39085,0.00983840194929085
"2098",39087,0.00920823408113201
"2099",39089,0.0135760534975056
"2100",39091,0.0116398493666553
"2101",39093,0.0106518797995389
"2102",39095,0.0129845531170404
"2103",39097,0.013548224628557
"2104",39099,0.00811996704940907
"2105",39101,0.0148824502120929
"2106",39103,0.0108103000236239
"2107",39105,0.0101360606337321
"2108",39107,0.00858549724338201
"2109",39109,0.0134892706823984
"2110",39111,0.00755456071628428
"2111",39113,0.0127297443250591
"2112",39115,0.00934715933985687
"2113",39117,0.0139242563796933
"2114",39119,0.0113431360434944
"2115",39121,0.00394135267223711
"2116",39123,0.0121631190902653
"2117",39125,0.013098130347523
"2118",39127,0.0101949025487256
"2119",39129,0.0104347210922854
"2120",39131,0.00990976474379633
"2121",39133,0.0109325224442514
"2122",39135,0.0111421890045394
"2123",39137,0.0123989759550223
"2124",39139,0.0113380575239683
"2125",39141,0.0103606714916364
"2126",39143,0.0148965884152424
"2127",39145,0.00817549224576403
"2128",39147,0.0138318481208834
"2129",39149,0.0114815108084567
"2130",39151,0.0113914650909263
"2131",39153,0.0107069129648843
"2132",39155,0.00903951446025287
"2133",39157,0.0112234465523117
"2134",39159,0.0159964120197339
"2135",39161,0.01343133979285
"2136",39163,0.00779436152570481
"2137",39165,0.0128361498897869
"2138",39167,0.0116137491804814
"2139",39169,0.0122506125306265
"2140",39171,0.0152806820009651
"2141",39173,0.0146752074796219
"2142",39175,0.0136084284460053
"2143",40001,0.00872256612267867
"2144",40003,0.0137046861184792
"2145",40005,0.00909259602894786
"2146",40007,0.0068870523415978
"2147",40009,0.0125817815802718
"2148",40011,0.0112791591899513
"2149",40013,0.0143965948923385
"2150",40015,0.00983872603712344
"2151",40017,0.0188569583467872
"2152",40019,0.0100621181785513
"2153",40021,0.0180648074968951
"2154",40023,0.00582990397805213
"2155",40025,0.0094876660341556
"2156",40027,0.0190185175908765
"2157",40029,0.0134706814580032
"2158",40031,0.0196177485897112
"2159",40033,0.0132192846034215
"2160",40035,0.0145888594164456
"2161",40037,0.0143583019177184
"2162",40039,0.0184267140585539
"2163",40041,0.00788634386778776
"2164",40043,0.00508690122933446
"2165",40045,0.00961025093432995
"2166",40047,0.016540347748551
"2167",40049,0.0105292071049258
"2168",40051,0.0124237046015324
"2169",40053,0.0107816711590297
"2170",40055,0.0121642169285352
"2171",40057,0.00643086816720257
"2172",40059,0.0121049092131809
"2173",40061,0.00737933785400878
"2174",40063,0.0084414247477867
"2175",40065,0.01666463933828
"2176",40067,0.0109014675052411
"2177",40069,0.00870383439190779
"2178",40071,0.0153632094614181
"2179",40073,0.00989945862335653
"2180",40075,0.00962941348117887
"2181",40077,0.00823723228995058
"2182",40079,0.0113799521403882
"2183",40081,0.0125604513702311
"2184",40083,0.0172893297487717
"2185",40085,0.00883218842001963
"2186",40087,0.0122686629236848
"2187",40089,0.00558123310368885
"2188",40091,0.00935812837432514
"2189",40093,0.0112489183732333
"2190",40095,0.00824538258575198
"2191",40097,0.0118489113436786
"2192",40099,0.0127248048863251
"2193",40101,0.0127187911167816
"2194",40103,0.0147833130822195
"2195",40105,0.0122978820314279
"2196",40107,0.0121347201584943
"2197",40109,0.017886951211237
"2198",40111,0.0126458464333124
"2199",40113,0.0125133898140033
"2200",40115,0.0117153348487498
"2201",40117,0.0151783082817566
"2202",40119,0.0227035050433492
"2203",40121,0.0110466413746931
"2204",40123,0.0170365535248042
"2205",40125,0.0152918218910768
"2206",40127,0.00696349440810298
"2207",40129,0.0130861504907306
"2208",40131,0.0147015913630956
"2209",40133,0.0130742473311743
"2210",40135,0.0098791108800208
"2211",40137,0.0117542110510574
"2212",40139,0.0161202680673791
"2213",40141,0.00886262924667651
"2214",40143,0.0182204756297857
"2215",40145,0.014233969098421
"2216",40147,0.0189353644525765
"2217",40149,0.0123508478124346
"2218",40151,0.0179445350734095
"2219",40153,0.0160565189466924
"2220",41001,0.0144985904148208
"2221",41003,0.0216291975226804
"2222",41005,0.0183794566107444
"2223",41007,0.0182768716018402
"2224",41009,0.0244250643989944
"2225",41011,0.015428186109238
"2226",41013,0.0149533920248576
"2227",41015,0.0152763819095477
"2228",41017,0.0167446540076976
"2229",41019,0.0183685838163763
"2230",41021,0.0144312393887946
"2231",41023,0.0167536988685814
"2232",41025,0.0140593617496095
"2233",41027,0.0152024446142093
"2234",41029,0.017048716234813
"2235",41031,0.0176278015613196
"2236",41033,0.0153947444859704
"2237",41035,0.0173446604585307
"2238",41037,0.0144396057758423
"2239",41039,0.0175745659226197
"2240",41041,0.0150361257566881
"2241",41043,0.0219438325991189
"2242",41045,0.0187224669603524
"2243",41047,0.0197663319922191
"2244",41049,0.0246189917936694
"2245",41051,0.0123495931277081
"2246",41053,0.0203143442877555
"2247",41055,0.0198675496688742
"2248",41057,0.015454760776883
"2249",41059,0.0223984502693868
"2250",41061,0.0161268736616702
"2251",41063,0.014760147601476
"2252",41065,0.0209483368719038
"2253",41067,0.0199734020966141
"2254",41069,0.0259067357512953
"2255",41071,0.0245744446141575
"2256",42001,0.0143261407852848
"2257",42003,0.0115931880294498
"2258",42005,0.011657959857025
"2259",42007,0.0131850151930473
"2260",42009,0.00660042068615362
"2261",42011,0.0141529629269242
"2262",42013,0.0102681028382734
"2263",42015,0.0170098478066249
"2264",42017,0.0104862278350672
"2265",42019,0.0126914081461542
"2266",42021,0.0107546688582197
"2267",42023,0.0119145439605588
"2268",42025,0.0128757917273782
"2269",42027,0.0137560811944305
"2270",42029,0.0113353810150651
"2271",42031,0.0121582106397168
"2272",42033,0.013850134442697
"2273",42035,0.0125390070921986
"2274",42037,0.0173558756536524
"2275",42039,0.0124035806113703
"2276",42041,0.0150994032275151
"2277",42043,0.0134153954725585
"2278",42045,0.00907507981862038
"2279",42047,0.0144327457707323
"2280",42049,0.0140644718892933
"2281",42051,0.00753150195529378
"2282",42053,0.0136054421768707
"2283",42055,0.0138147877647525
"2284",42057,0.00852450796038611
"2285",42059,0.0101307374497708
"2286",42061,0.0125482625482625
"2287",42063,0.0115296859070829
"2288",42065,0.0147651594812478
"2289",42067,0.0117080461678984
"2290",42069,0.00940126505502123
"2291",42071,0.0149265448420812
"2292",42073,0.0108733396996267
"2293",42075,0.0138028247641378
"2294",42077,0.0117262997190236
"2295",42079,0.00990731863215085
"2296",42081,0.0138556046849158
"2297",42083,0.0146409123600123
"2298",42085,0.0128377678848742
"2299",42087,0.0106501720770161
"2300",42089,0.0124419950136588
"2301",42091,0.0101654980721621
"2302",42093,0.0159656125268652
"2303",42095,0.0117057247487452
"2304",42097,0.0154672090438238
"2305",42099,0.0165909459678728
"2306",42101,0.00653783432720465
"2307",42103,0.00989125760275235
"2308",42105,0.0109223300970874
"2309",42107,0.0142345226123536
"2310",42109,0.0129049111807733
"2311",42111,0.0104333670423994
"2312",42113,0.0152990264255911
"2313",42115,0.014205590290548
"2314",42117,0.0179359430604982
"2315",42119,0.0141188168033806
"2316",42121,0.0140983112183353
"2317",42123,0.0168038740920097
"2318",42125,0.011056905079424
"2319",42127,0.00929189362383851
"2320",42129,0.0114803832005354
"2321",42131,0.0146722304482434
"2322",42133,0.0151968163843822
"2323",44001,0.0114728136547598
"2324",44003,0.0114401727304953
"2325",44005,0.0109213833752275
"2326",44007,0.00840219021737137
"2327",44009,0.0113200105180121
"2328",45001,0.00707793774632028
"2329",45003,0.0115278511475025
"2330",45005,0.00528806011689396
"2331",45007,0.0116865952774916
"2332",45009,0.00478247454489355
"2333",45011,0.00755740722798178
"2334",45013,0.0096182347830531
"2335",45015,0.0142162400199123
"2336",45017,0.00699553732963454
"2337",45019,0.0145163280132689
"2338",45021,0.0073605065294816
"2339",45023,0.00685409659199086
"2340",45025,0.00577452850180123
"2341",45027,0.00400406382597263
"2342",45029,0.0092309287973863
"2343",45031,0.0080204830798655
"2344",45033,0.0029005419433631
"2345",45035,0.0157742177592588
"2346",45037,0.0090198436560433
"2347",45039,0.00642715886618326
"2348",45041,0.0077972407378701
"2349",45043,0.0064634013308607
"2350",45045,0.0161879491003467
"2351",45047,0.00993563706804974
"2352",45049,0.00472864051585169
"2353",45051,0.00698215239451665
"2354",45053,0.00639155203557038
"2355",45055,0.0102292664069702
"2356",45057,0.00986604636239673
"2357",45059,0.00780635003935975
"2358",45061,0.00842130233661487
"2359",45063,0.0133847047756073
"2360",45065,0.00491486747410918
"2361",45067,0.00428454842219804
"2362",45069,0.00602830683208108
"2363",45071,0.00815844560141699
"2364",45073,0.0108930854726075
"2365",45075,0.00417425069773086
"2366",45077,0.0137802801237271
"2367",45079,0.0104580491378688
"2368",45081,0.00808712529652793
"2369",45083,0.0114493289832162
"2370",45085,0.00725674570727719
"2371",45087,0.00724145734329034
"2372",45089,0.00506725054738818
"2373",45091,0.0125442554668518
"2374",46003,0.0256227758007117
"2375",46005,0.02344301652309
"2376",46007,0.0194420963651733
"2377",46009,0.0149950016661113
"2378",46011,0.0313722798105307
"2379",46013,0.0244486236963584
"2380",46015,0.0269076305220884
"2381",46017,0.0255009107468124
"2382",46019,0.0274885464389838
"2383",46021,0.0103092783505155
"2384",46023,0.014274385408406
"2385",46025,0.0216216216216216
"2386",46027,0.0279045279045279
"2387",46029,0.0278094369728744
"2388",46031,0.0109119251753702
"2389",46033,0.0218420094648708
"2390",46035,0.0228294298556896
"2391",46037,0.0145074224021592
"2392",46039,0.0178723404255319
"2393",46041,0.0228891149542218
"2394",46043,0.0134739308728764
"2395",46045,0.0151133501259446
"2396",46047,0.0274616526472044
"2397",46049,0.0169204737732657
"2398",46051,0.018958611481976
"2399",46053,0.0141718334809566
"2400",46055,0.00527704485488127
"2401",46057,0.0207590009730782
"2402",46059,0.0163398692810458
"2403",46061,0.0159128978224456
"2404",46063,0.019680196801968
"2405",46065,0.028430585807635
"2406",46067,0.0161932572338731
"2407",46069,0.0140845070422535
"2408",46071,0.0161434977578475
"2409",46073,0.0149105367793241
"2410",46075,0.0183639398998331
"2411",46077,0.0201511335012594
"2412",46079,0.0211135705772178
"2413",46081,0.0389065663870408
"2414",46083,0.0246326707000864
"2415",46085,0.0187852222917971
"2416",46087,0.0217241379310345
"2417",46089,0.020392749244713
"2418",46091,0.0151515151515152
"2419",46093,0.0373079736649598
"2420",46095,0.0286085825747724
"2421",46097,0.0272407732864675
"2422",46099,0.0281069254597838
"2423",46101,0.0237055520898316
"2424",46102,0.023125
"2425",46103,0.0321464584999478
"2426",46105,0.0173756740563211
"2427",46107,0.0101449275362319
"2428",46109,0.0174135128859995
"2429",46111,0.0194092827004219
"2430",46115,0.0192854884603225
"2431",46117,0.0169491525423729
"2432",46119,0.0204301075268817
"2433",46121,0.0173296573454116
"2434",46123,0.0148367952522255
"2435",46125,0.0261653474054529
"2436",46127,0.0210050818746471
"2437",46129,0.0189922480620155
"2438",46135,0.0277981651376147
"2439",46137,0.0231788079470199
"2440",48001,0.00696936599573516
"2441",48003,0.0102336687702541
"2442",48005,0.00792503036964193
"2443",48007,0.00838079739625712
"2444",48009,0.00938281901584654
"2445",48011,0.00179856115107914
"2446",48013,0.00789270338889502
"2447",48015,0.00845128487013879
"2448",48017,0.00752688172043011
"2449",48019,0.00943767204089658
"2450",48021,0.0144824764762035
"2451",48023,0.0129259694477086
"2452",48025,0.00987261146496815
"2453",48027,0.0155446516192345
"2454",48029,0.0114644442657022
"2455",48031,0.00967611880123639
"2456",48033,0.00480769230769231
"2457",48035,0.00909489371027833
"2458",48037,0.00784088236062832
"2459",48039,0.0120012388375574
"2460",48041,0.0213023594831944
"2461",48043,0.0184570717544587
"2462",48045,0.0096551724137931
"2463",48047,0.00402576489533011
"2464",48049,0.00839125806249609
"2465",48051,0.00731792310372866
"2466",48053,0.0108427398147024
"2467",48055,0.0126895077806719
"2468",48057,0.00776476578411405
"2469",48059,0.0103922716627635
"2470",48061,0.00637623276753026
"2471",48063,0.00612648221343874
"2472",48065,0.0118513773222293
"2473",48067,0.00567243483880233
"2474",48069,0.0043206913106097
"2475",48071,0.0115462774801404
"2476",48073,0.00825302440024605
"2477",48075,0.00789820096533567
"2478",48077,0.008008356545961
"2479",48079,0.011
"2480",48081,0.00562113546936481
"2481",48083,0.00557710960232784
"2482",48085,0.0123763384780873
"2483",48087,0.00985221674876847
"2484",48089,0.0050125313283208
"2485",48091,0.0124420645277415
"2486",48093,0.00805126519881696
"2487",48095,0.00788643533123028
"2488",48097,0.0082122552116235
"2489",48099,0.0174520069808028
"2490",48101,0.00906344410876133
"2491",48103,0.00665335994677312
"2492",48105,0.00571791613722999
"2493",48107,0.0112647209421403
"2494",48109,0.0104166666666667
"2495",48111,0.0111870727159727
"2496",48113,0.0104784753519289
"2497",48115,0.00659804697809448
"2498",48117,0.00759219088937093
"2499",48119,0.00925925925925926
"2500",48121,0.0129700165564498
"2501",48123,0.00566642030056664
"2502",48125,0.00303643724696356
"2503",48127,0.00272776868521549
"2504",48129,0.0066747572815534
"2505",48131,0.00435384919849594
"2506",48133,0.00723501748462559
"2507",48135,0.00959834944271266
"2508",48137,0.00469043151969981
"2509",48139,0.0111588083234885
"2510",48141,0.0102950935218893
"2511",48143,0.0129330802088277
"2512",48145,0.00717430295124735
"2513",48147,0.0103285133604318
"2514",48149,0.00641372382350668
"2515",48151,0.011500547645126
"2516",48153,0.00735654732712114
"2517",48155,0.0108892921960073
"2518",48157,0.00846959839334963
"2519",48159,0.00718706328608505
"2520",48161,0.00769142463551831
"2521",48163,0.0043568857738208
"2522",48165,0.00900600400266845
"2523",48167,0.0123371598091062
"2524",48169,0.00302480338777979
"2525",48171,0.00883280757097792
"2526",48173,0.00459418070444104
"2527",48175,0.00600750938673342
"2528",48177,0.00745292887029289
"2529",48179,0.0124646620406065
"2530",48181,0.0106601203887413
"2531",48183,0.0114834729690301
"2532",48185,0.00950539713227002
"2533",48187,0.013179762686971
"2534",48189,0.0101189234300021
"2535",48191,0.00342172797262618
"2536",48193,0.0119512755688348
"2537",48195,0.013190034196385
"2538",48197,0.00569620253164557
"2539",48199,0.00998733490139316
"2540",48201,0.0102503751177766
"2541",48203,0.00989332705185584
"2542",48205,0.00673724735322425
"2543",48207,0.00677506775067751
"2544",48209,0.0158599570364276
"2545",48211,0.0145348837209302
"2546",48213,0.00726932290662775
"2547",48215,0.00570887886854639
"2548",48217,0.00796999531176746
"2549",48219,0.00753086419753086
"2550",48221,0.00980301773147721
"2551",48223,0.00897057901009974
"2552",48225,0.00593346047891502
"2553",48227,0.00869055756273801
"2554",48229,0.00858369098712446
"2555",48231,0.0112443972329456
"2556",48233,0.0131084007751054
"2557",48235,0.00899887514060742
"2558",48237,0.00634584875727129
"2559",48239,0.00834251534708012
"2560",48241,0.00672602651976171
"2561",48243,0.0130268199233716
"2562",48245,0.00946611931320508
"2563",48247,0.00196463654223969
"2564",48249,0.0050479186480357
"2565",48251,0.0107053596223271
"2566",48253,0.00934579439252336
"2567",48255,0.00571210967250571
"2568",48257,0.00930921400613562
"2569",48259,0.0109254498714653
"2570",48261,0.00515463917525773
"2571",48263,0.00216450216450216
"2572",48265,0.0102000360425302
"2573",48267,0.00741710296684119
"2574",48269,0
"2575",48271,0.00686213349968808
"2576",48273,0.00886330409356725
"2577",48275,0.00480769230769231
"2578",48277,0.00802163977240929
"2579",48279,0.0090702947845805
"2580",48281,0.0139436484277334
"2581",48283,0.00498753117206983
"2582",48285,0.00451113072472296
"2583",48287,0.00803759119574626
"2584",48289,0.00657136269310583
"2585",48291,0.00743164928069817
"2586",48293,0.00725673446948873
"2587",48295,0.0125646711012565
"2588",48297,0.00593589236248516
"2589",48299,0.00781990521327014
"2590",48301,0.0303030303030303
"2591",48303,0.0133838780966255
"2592",48305,0.00436109899694723
"2593",48307,0.010477299185099
"2594",48309,0.0132520026156613
"2595",48311,0.00387596899224806
"2596",48313,0.00566251415628539
"2597",48315,0.00966282894736842
"2598",48317,0.00601851851851852
"2599",48319,0.00767987065481002
"2600",48321,0.00837764988708385
"2601",48323,0.00475693991919719
"2602",48325,0.00812111047358432
"2603",48327,0.00583657587548638
"2604",48329,0.0132010397730169
"2605",48331,0.00680657969370391
"2606",48333,0.00598802395209581
"2607",48335,0.00426521907716169
"2608",48337,0.00794378246257256
"2609",48339,0.0116592952129129
"2610",48341,0.0119825708061002
"2611",48343,0.00644352962233757
"2612",48345,0.00306748466257669
"2613",48347,0.0112749673324622
"2614",48349,0.00873293939235476
"2615",48351,0.00557925828683951
"2616",48353,0.009893597162591
"2617",48355,0.0110271594853992
"2618",48357,0.011723700887199
"2619",48359,0.00991080277502478
"2620",48361,0.010446185475357
"2621",48363,0.00808711666266314
"2622",48365,0.00497773120251506
"2623",48367,0.0115594787725935
"2624",48369,0.00867924528301887
"2625",48371,0.0107112253641817
"2626",48373,0.00707020590424212
"2627",48375,0.0136185019647839
"2628",48377,0.0094722598105548
"2629",48379,0.00710391541384437
"2630",48381,0.0140705693168816
"2631",48383,0.00622775800711744
"2632",48385,0.0070635721493441
"2633",48387,0.00620048225973131
"2634",48389,0.00813228517213337
"2635",48391,0.0077243018419489
"2636",48393,0.00727272727272727
"2637",48395,0.00814915421656995
"2638",48397,0.0113377001725706
"2639",48399,0.00884554320707643
"2640",48401,0.00725078355241615
"2641",48403,0.00491713713349117
"2642",48405,0.00324837581209395
"2643",48407,0.00799050632911392
"2644",48409,0.0112394268278552
"2645",48411,0.0026902382782475
"2646",48413,0.00517687661777394
"2647",48415,0.0090289608177172
"2648",48417,0.00614250614250614
"2649",48419,0.00366808763755329
"2650",48421,0.00907258064516129
"2651",48423,0.0112499875111151
"2652",48425,0.0113199919142915
"2653",48427,0.00524964336661912
"2654",48429,0.00421052631578947
"2655",48431,0.00156494522691706
"2656",48433,0.00543478260869565
"2657",48435,0.00578034682080925
"2658",48437,0.00934182590233546
"2659",48439,0.0124212738275087
"2660",48441,0.0149995465675161
"2661",48443,0.00655021834061135
"2662",48445,0.00913621262458472
"2663",48447,0.00559284116331096
"2664",48449,0.0089175600037947
"2665",48451,0.0120769741207697
"2666",48453,0.0146325432362486
"2667",48455,0.00360334390314212
"2668",48457,0.00538302277432712
"2669",48459,0.00947491001482109
"2670",48461,0.00950292397660819
"2671",48463,0.00638051044083527
"2672",48465,0.0111256544502618
"2673",48467,0.00672327019862461
"2674",48469,0.00991575991575992
"2675",48471,0.0121548365238015
"2676",48473,0.00884138295064661
"2677",48475,0.00714285714285714
"2678",48477,0.0102140356917427
"2679",48479,0.0065207538342325
"2680",48481,0.00626454268838375
"2681",48483,0.00299529311082585
"2682",48485,0.0146611642050391
"2683",48487,0.00729442970822281
"2684",48489,0
"2685",48491,0.0172609694185906
"2686",48493,0.00603686083236717
"2687",48495,0.00658513640639699
"2688",48497,0.00957824810752356
"2689",48499,0.00768251459677773
"2690",48501,0.0117825921702775
"2691",48503,0.00922442043937371
"2692",48505,0.00283944243675787
"2693",48507,0.00296871431833752
"2694",49001,0.00741935483870968
"2695",49003,0.0227213854864375
"2696",49005,0.0307755577641454
"2697",49007,0.016116981534849
"2698",49009,0.0113085621970921
"2699",49011,0.02946753506778
"2700",49013,0.0124985398901997
"2701",49015,0.00959575336872193
"2702",49017,0.0135431918008785
"2703",49019,0.0119575699132112
"2704",49021,0.0265296367112811
"2705",49023,0.0155157715260017
"2706",49025,0.012200956937799
"2707",49027,0.0103392568659128
"2708",49029,0.0242204056917953
"2709",49031,0.00803673938002296
"2710",49033,0.0102264426588751
"2711",49035,0.022355332512473
"2712",49037,0.0143958121273811
"2713",49039,0.017029702970297
"2714",49041,0.0128353599691179
"2715",49043,0.014068849191137
"2716",49045,0.0304069066209611
"2717",49047,0.0147683460759328
"2718",49049,0.0365019733648509
"2719",49051,0.0197863968521641
"2720",49053,0.0191281431865598
"2721",49055,0.00555212831585441
"2722",49057,0.0255738175812142
"2723",50001,0.0109681128654195
"2724",50003,0.00971224879888413
"2725",50005,0.00989576461274574
"2726",50007,0.00881608185623482
"2727",50009,0.0113287703563842
"2728",50011,0.0128490334458423
"2729",50013,0.00812867519889312
"2730",50015,0.0112889852669175
"2731",50017,0.0102178004840011
"2732",50019,0.00938997539178863
"2733",50021,0.0099792936845738
"2734",50023,0.00917197452229299
"2735",50025,0.00868128778293266
"2736",50027,0.00955712239726782
"2737",51001,0.0110835986322368
"2738",51003,0.0156827567007439
"2739",51005,0.0108496891381202
"2740",51007,0.0101342791993919
"2741",51009,0.0147603645986475
"2742",51011,0.0128398791540786
"2743",51013,0.0140432464681541
"2744",51015,0.014381001939543
"2745",51017,0.00639744102359056
"2746",51019,0.0145472477346977
"2747",51021,0.0114975567691865
"2748",51023,0.0124982246839938
"2749",51025,0.0042778057372924
"2750",51027,0.00441900170734157
"2751",51029,0.0114405215893714
"2752",51031,0.0163874117922478
"2753",51033,0.0159012770137525
"2754",51035,0.00753656511464521
"2755",51036,0.0121594235532538
"2756",51037,0.0077531901146826
"2757",51041,0.0143512049226545
"2758",51043,0.0190639391667559
"2759",51045,0.0126182965299685
"2760",51047,0.0149727098392093
"2761",51049,0.00997553171466215
"2762",51051,0.0060216231011359
"2763",51053,0.00954147892923403
"2764",51057,0.00938815150534154
"2765",51059,0.0133290533112236
"2766",51061,0.0177921274987978
"2767",51063,0.0156183595410115
"2768",51065,0.0142622743910135
"2769",51067,0.011917586856989
"2770",51069,0.0160310357568045
"2771",51071,0.0136195249509697
"2772",51073,0.0174564710105906
"2773",51075,0.0142756016989146
"2774",51077,0.00688722174394293
"2775",51079,0.021302925837532
"2776",51081,0.00502842151289899
"2777",51083,0.00767207365190706
"2778",51085,0.0155378373809658
"2779",51087,0.013169739060224
"2780",51089,0.00854242482283087
"2781",51091,0.0143509458577952
"2782",51093,0.0139836289222374
"2783",51095,0.0143032696065594
"2784",51097,0.0155528554070474
"2785",51099,0.0220707106206509
"2786",51101,0.0132252957064357
"2787",51103,0.00992729306487696
"2788",51105,0.00784156026942797
"2789",51107,0.0139525993883792
"2790",51109,0.0134604854900529
"2791",51111,0.00666444518493835
"2792",51113,0.0130333210377474
"2793",51115,0.0149253731343284
"2794",51117,0.00697229592151539
"2795",51119,0.0113485630066323
"2796",51121,0.0209161356218221
"2797",51125,0.0160978750804894
"2798",51127,0.0118858406468109
"2799",51131,0.0148544266191325
"2800",51133,0.00716570697376839
"2801",51135,0.0101723650748799
"2802",51137,0.0128649898814686
"2803",51139,0.010708007032124
"2804",51141,0.00849501835343471
"2805",51143,0.00832675957577351
"2806",51145,0.0162671666751128
"2807",51147,0.0142036553524804
"2808",51149,0.0111818338207466
"2809",51153,0.0142026661760132
"2810",51155,0.0158173242839066
"2811",51157,0.0112472384012854
"2812",51159,0.007557289127255
"2813",51161,0.0159018627896411
"2814",51163,0.013331178799386
"2815",51165,0.0149015312293193
"2816",51167,0.00866577020767966
"2817",51169,0.00828043058239028
"2818",51171,0.0146090187468333
"2819",51173,0.00940860215053763
"2820",51175,0.00889025137952177
"2821",51177,0.0172736566777753
"2822",51179,0.0172801366336385
"2823",51181,0.00894654439722657
"2824",51183,0.00687893081761006
"2825",51185,0.00789003572846368
"2826",51187,0.0172601314607273
"2827",51191,0.0105949186212665
"2828",51193,0.00904704463208685
"2829",51195,0.00650015046644598
"2830",51197,0.0112784449014795
"2831",51199,0.0175298393957361
"2832",51510,0.0123847263120903
"2833",51520,0.0159969285897108
"2834",51530,0.0259365994236311
"2835",51540,0.0128443398174534
"2836",51550,0.0164877481413954
"2837",51570,0.0147379912663755
"2838",51580,0.019208605455244
"2839",51590,0.0100226151315789
"2840",51595,0.00545302013422819
"2841",51600,0.0149032401571884
"2842",51610,0.0129266356729788
"2843",51620,0.00861220472440945
"2844",51630,0.0186378814941368
"2845",51640,0.0068207654414551
"2846",51650,0.0152523613869642
"2847",51660,0.0212952670683906
"2848",51670,0.0136061487328625
"2849",51678,0.0173661360347323
"2850",51680,0.0235672643273567
"2851",51683,0.0164919307338909
"2852",51685,0.0164257555847569
"2853",51690,0.0121181938911023
"2854",51700,0.0176941060661991
"2855",51710,0.0178690492065609
"2856",51720,0.0131168019987508
"2857",51730,0.00764168966249204
"2858",51735,0.0203640066183021
"2859",51740,0.0162103988699805
"2860",51750,0.0229430379746835
"2861",51760,0.0152094332664754
"2862",51770,0.0179350460494426
"2863",51775,0.0168569458279059
"2864",51790,0.0191656403940887
"2865",51800,0.0145844244792716
"2866",51810,0.0184790771000848
"2867",51820,0.0195017262293552
"2868",51830,0.0133526850507983
"2869",51840,0.0175844134401057
"2870",53001,0.0139883998635278
"2871",53003,0.0217555016316626
"2872",53005,0.0262634301631516
"2873",53007,0.0163718653304392
"2874",53009,0.0181471256901591
"2875",53011,0.0193171461458299
"2876",53013,0.0204408817635271
"2877",53015,0.021134704711347
"2878",53017,0.0157217946311245
"2879",53019,0.0174032516601786
"2880",53021,0.0210776447352179
"2881",53023,0.0282068502350571
"2882",53025,0.0188428874734607
"2883",53027,0.0198746130433652
"2884",53029,0.0238850254983774
"2885",53031,0.0133107454017425
"2886",53033,0.0149920653081725
"2887",53035,0.0303330140163356
"2888",53037,0.0204824761037779
"2889",53039,0.0155604719764012
"2890",53041,0.0204595113553599
"2891",53043,0.0157827385184132
"2892",53045,0.0238050558936279
"2893",53047,0.0136265388591298
"2894",53049,0.0142918088737201
"2895",53051,0.0171869519466854
"2896",53053,0.0226145866777567
"2897",53055,0.0159127074335076
"2898",53057,0.0203206079838743
"2899",53059,0.0209245076586433
"2900",53061,0.022083154814538
"2901",53063,0.0241918559388011
"2902",53065,0.0185367569468871
"2903",53067,0.0220538380101586
"2904",53069,0.0150956055015096
"2905",53071,0.0245993410319568
"2906",53073,0.0179627759342086
"2907",53075,0.0259869355296791
"2908",53077,0.0148139677523313
"2909",54001,0.0121311966451999
"2910",54003,0.0172504123411274
"2911",54005,0.013537505548158
"2912",54007,0.0109463276836158
"2913",54009,0.0129504504504505
"2914",54011,0.0141059957173448
"2915",54013,0.00976102322450353
"2916",54015,0.0109955423476969
"2917",54017,0.00967429861335053
"2918",54019,0.00937018147313486
"2919",54021,0.0146506386175808
"2920",54023,0.00363042294427301
"2921",54025,0.0132492113564669
"2922",54027,0.00922070196311719
"2923",54029,0.0116666666666667
"2924",54031,0.0113726109619333
"2925",54033,0.015132118824881
"2926",54035,0.0126591649392952
"2927",54037,0.0153052016027145
"2928",54039,0.014882544623316
"2929",54041,0.015555853560413
"2930",54043,0.0108556832694764
"2931",54045,0.0102871180715492
"2932",54047,0.00444308258005209
"2933",54049,0.0186865162440878
"2934",54051,0.01015625
"2935",54053,0.0133892707310542
"2936",54055,0.010623060396276
"2937",54057,0.0114978247358608
"2938",54059,0.00578726801037717
"2939",54061,0.0189199467579388
"2940",54063,0.0098613251155624
"2941",54065,0.0139160437032777
"2942",54067,0.00987770460959548
"2943",54069,0.0130163835561363
"2944",54071,0.0139382344902979
"2945",54073,0.0100257805786308
"2946",54075,0.0109780439121756
"2947",54077,0.0114603348888279
"2948",54079,0.0174730711203116
"2949",54081,0.0107533377635474
"2950",54083,0.0102459016393443
"2951",54085,0.00887228578099463
"2952",54087,0.0119729307652264
"2953",54089,0.00931065353625783
"2954",54091,0.0117838277123121
"2955",54093,0.014047866805411
"2956",54095,0.014278429372769
"2957",54097,0.0163389100870756
"2958",54099,0.0131586711512362
"2959",54101,0.0067607289829512
"2960",54103,0.0154492275386231
"2961",54105,0.0169619298906898
"2962",54107,0.0134925958412879
"2963",54109,0.00768156424581006
"2964",55001,0.00719241834489761
"2965",55003,0.00799360511590727
"2966",55005,0.0103369367947605
"2967",55007,0.00735294117647059
"2968",55009,0.0126998895963671
"2969",55011,0.0102354145342886
"2970",55013,0.00848042599349177
"2971",55015,0.011795671670891
"2972",55017,0.0139406756079915
"2973",55019,0.0112766814337495
"2974",55021,0.0124302459476217
"2975",55023,0.010580793559517
"2976",55025,0.0106383287266779
"2977",55027,0.0110455033446197
"2978",55029,0.0114828254709947
"2979",55031,0.0153584309275844
"2980",55033,0.0156435980275463
"2981",55035,0.0158730158730159
"2982",55037,0.00748299319727891
"2983",55039,0.0119823234528655
"2984",55041,0.00692657827033445
"2985",55043,0.0136676038737894
"2986",55045,0.012660001868635
"2987",55047,0.0103083122481492
"2988",55049,0.0115065751858205
"2989",55051,0.00648379052369077
"2990",55053,0.0108994501178319
"2991",55055,0.0132141145084308
"2992",55057,0.0106499379969363
"2993",55059,0.0116860871329081
"2994",55061,0.0105002066969822
"2995",55063,0.0129190972836014
"2996",55065,0.00666277030976037
"2997",55067,0.00841916703985669
"2998",55069,0.0106079893313936
"2999",55071,0.0123357647951103
"3000",55073,0.012104076819846
"3001",55075,0.0103137647417207
"3002",55077,0.00860452289023718
"3003",55078,0.00377358490566038
"3004",55079,0.00945593512444141
"3005",55081,0.0116315067887311
"3006",55083,0.00904587551152272
"3007",55085,0.0117140610124591
"3008",55087,0.0145248190183481
"3009",55089,0.010522720619328
"3010",55091,0.0123069498069498
"3011",55093,0.0164257837629198
"3012",55095,0.0109590080012135
"3013",55097,0.0157623820899934
"3014",55099,0.0114673531476714
"3015",55101,0.0112727921766822
"3016",55103,0.0113157310849789
"3017",55105,0.0128163074039363
"3018",55107,0.0107785949784428
"3019",55109,0.0154830973248453
"3020",55111,0.0121813109410822
"3021",55113,0.00589914367269267
"3022",55115,0.0111872650895423
"3023",55117,0.0135734953265365
"3024",55119,0.0105745835672843
"3025",55121,0.0115084525357607
"3026",55123,0.0114300069082459
"3027",55125,0.00897911380050751
"3028",55127,0.0111284722222222
"3029",55129,0.0118519946039699
"3030",55131,0.01068468263881
"3031",55133,0.0112800191047628
"3032",55135,0.0122554067971164
"3033",55137,0.00847582547169811
"3034",55139,0.0173238897396631
"3035",55141,0.00975834180832002
"3036",56001,0.0317434912505335
"3037",56003,0.0127939142461964
"3038",56005,0.0219913858626805
"3039",56007,0.0211750671040859
"3040",56009,0.0172610556348074
"3041",56011,0.0137581462708182
"3042",56013,0.0176044751563014
"3043",56015,0.0137117346938776
"3044",56017,0.0235703245749614
"3045",56019,0.0173667205169628
"3046",56021,0.0234984636470146
"3047",56023,0.0158669833729216
"3048",56025,0.025288915260942
"3049",56027,0.0158850226928896
"3050",56029,0.0167707404103479
"3051",56031,0.0130969171871852
"3052",56033,0.0204883355493775
"3053",56035,0.0142
"3054",56037,0.0209605940831237
"3055",56039,0.0172448772570501
"3056",56041,0.0181837403531029
"3057",56043,0.0161210317460317
"3058",56045,0.0129213483146067
"3059",2938000,0.0118628563064876
"3060",NA,0.00436681222707424
