county_fips,religious_adherents
1001,0.514395034
1003,0.536534537
1005,0.687071324
1007,0.488359575
1009,0.573189705
1011,0.472530656
1013,0.611254002
1015,0.718398159
1017,0.557373749
1019,0.502623043
1021,0.736681921
1023,0.614844058
1025,0.756746221
1027,0.686639505
1029,0.785666844
1031,0.693388198
1033,0.603054502
1035,0.434853842
1037,0.4718398
1039,0.578466862
1041,0.609519479
1043,0.626101109
1045,0.503527551
1047,0.551115387
1049,0.632136074
1051,0.461847983
1053,0.655222135
1055,0.810646197
1057,0.603333129
1059,0.625291938
1061,0.576503245
1063,0.276196636
1065,0.539330402
1067,0.615362184
1069,0.841803325
1071,0.538732193
1073,0.799448957
1075,0.695963355
1077,0.662626651
1079,0.696005805
1081,0.357906578
1083,0.522960317
1085,0.516923674
1087,0.596252304
1089,0.638830564
1091,0.871500285
1093,0.559694625
1095,0.646365201
1097,0.729747908
1099,0.656837953
1101,0.737846904
1103,0.689663834
1105,0.549054165
1107,0.696281964
1109,0.488412251
1111,0.495925707
1113,0.61037798
1117,0.440589354
1115,0.520685378
1119,0.405751316
1121,0.564267368
1123,0.731088572
1125,0.49214662
1127,0.666401396
1129,0.655315831
1131,0.531415094
1133,0.582327952
2013,0.416666667
2016,0.188264526
2020,0.376426195
2050,0.386585235
2060,0.266587678
2063,0.362292312
2066,0.330913259
2068,0.378011118
2070,0.354745728
2090,0.3021588
2100,0.307692308
2105,0.192389006
2110,0.326492017
2122,0.4297352
2130,0.31438199
2150,0.330661782
2158,0.675071702
2164,0.449186992
2170,0.305441675
2180,0.341728051
2185,0.145408395
2188,0.182086488
2195,0.348440259
2198,0.315313749
2220,0.276661149
2230,0.221774194
2240,0.330934195
2275,0.368594264
2282,0.613293051
2290,0.695676586
4001,0.384907832
4003,0.454016437
4005,0.324436082
4007,0.330586424
4009,0.456777308
4011,0.290494615
4012,0.306094099
4013,0.472375043
4015,0.256279687
4017,0.451221455
4019,0.388417848
4021,0.401061458
4023,0.882292475
4025,0.415627686
4027,0.350464241
5001,0.673858534
5003,0.874829504
5005,0.489177697
5007,0.48812484
5009,0.657265941
5011,0.773162636
5013,0.911795737
5015,0.438251946
5017,0.556720219
5019,0.78760608
5021,0.519447499
5023,0.63392821
5025,0.644503311
5027,0.827332135
5029,0.512527154
5031,0.604211056
5033,0.52759716
5035,0.658742188
5037,0.580348126
5039,0.670934897
5041,0.666783677
5043,0.803688761
5045,0.551442129
5047,0.474001287
5049,0.424761905
5051,0.510730685
5053,0.501280766
5055,0.467377995
5057,0.631796661
5059,0.506023002
5061,0.608916699
5063,0.731061205
5065,0.494954703
5067,0.529811996
5069,0.695227475
5071,0.49209678
5073,0.54977806
5075,0.561235816
5077,0.758139535
5079,0.401205471
5081,0.670131382
5083,0.704793905
5085,0.418942106
5087,0.322740754
5089,0.335373826
5091,0.626737089
5093,0.733882266
5095,0.699661715
5097,0.443658652
5099,0.631167268
5101,0.257716263
5103,1.081103753
5105,0.475296936
5107,0.55395944
5109,0.56995379
5111,0.744088831
5113,0.538941782
5115,0.504630725
5117,0.484786284
5119,0.62246414
5121,0.571805503
5125,0.366962144
5127,0.555307035
5129,0.388732754
5131,0.626882839
5133,0.707620431
5135,0.655433964
5123,0.579774794
5137,0.514200178
5139,0.822502176
5141,0.529817675
5143,0.59261564
5145,0.665889979
5147,0.430531185
5149,0.434930662
6001,0.410493517
6003,0
6005,0.273706577
6007,0.289502533
6009,0.172900291
6011,0.478593342
6013,0.415713848
6015,0.140864362
6017,0.302011141
6019,0.429060907
6021,0.46789086
6023,0.192103354
6025,0.862672647
6027,0.308003786
6029,0.455619284
6031,0.452218564
6033,0.303654475
6035,0.257806294
6037,0.510446515
6039,0.444100989
6041,0.37058032
6043,0.287782383
6045,0.39983188
6047,0.451291243
6049,0.331149425
6051,0.163546798
6053,0.596877242
6055,0.50099624
6057,0.285482341
6059,0.49506917
6061,0.386416925
6063,0.384234462
6065,0.441931862
6067,0.392437486
6069,0.736874893
6071,0.424227215
6073,0.414212065
6075,0.35134931
6077,0.380925859
6079,0.386110954
6081,0.336352529
6083,0.463700475
6085,0.455226289
6087,0.394844588
6089,0.385182949
6091,0.191594561
6093,0.473568382
6095,0.322983257
6097,0.364206332
6099,0.387244564
6101,0.367227726
6103,0.304485865
6105,0.159632572
6107,0.534449195
6109,0.239949658
6111,0.510538098
6113,0.348021978
6115,0.345608336
8001,0.268694233
8003,0.385075721
8005,0.346584334
8007,0.365072236
8009,0.253850542
8011,0.134513274
8013,0.364018406
8014,0.27679728
8015,0.377746971
8017,0.498283753
8019,0.062360328
8021,0.740919448
8023,0.36124607
8025,0.354272205
8027,0.384991497
8029,0.294653161
8031,0.427926744
8033,0.183576956
8035,0.371525624
8037,0.321867542
8041,0.432320867
8039,0.2551224
8043,0.266270255
8045,0.378519899
8047,0.020316804
8049,0.266844818
8051,0.32592505
8053,0.256345178
8055,0.297947214
8057,0.191443075
8059,0.311329365
8061,1.526279391
8063,0.614364329
8067,0.291275747
8065,0.309978483
8069,0.348264664
8071,0.264170388
8073,0.488281938
8075,0.379227053
8077,0.379144911
8079,0.419653179
8081,0.315227204
8083,0.34086425
8085,0.325148199
8087,0.379306791
8089,0.373087212
8091,0.2679524
8093,0.211960897
8095,0.601103753
8097,0.295483351
8099,0.442953579
8101,0.350780795
8103,0.319957114
8105,0.441806049
8107,0.312054452
8109,0.729742462
8111,0.60141844
8113,0.206888008
8115,0.369800333
8117,0.312574465
8119,0.311412384
8121,0.252439278
8123,0.278943161
8125,0.516319584
9001,0.564446705
9003,0.494535841
9005,0.360151415
9007,0.448031904
9009,0.465632173
9011,0.355845171
9013,0.354848185
9015,0.265027745
10001,0.314642207
10003,0.47214829
10005,0.348515869
11001,0.564489627
12001,0.464782309
12003,0.33228352
12005,0.368579353
12007,0.406564675
12009,0.421315437
12011,0.443893282
12013,0.254249707
12015,0.479542085
12017,0.372119628
12019,0.399065271
12021,0.616337371
12023,0.569184195
12027,0.337826701
12029,0.20675458
12031,0.663035235
12033,0.534132741
12035,0.447580995
12037,0.459963055
12039,0.581846393
12041,0.265953874
12043,0.592445984
12045,0.755777903
12047,0.322836332
12049,0.641291902
12051,0.410838234
12053,0.366892013
12055,0.515681336
12057,0.601097302
12059,0.395664784
12061,0.526409993
12063,0.527166677
12065,0.70137836
12067,0.464502796
12069,0.407346154
12071,0.416584957
12073,0.488754201
12075,0.432855645
12077,0.489089541
12079,0.513078807
12081,0.317445148
12083,0.383657703
12085,0.534882693
12086,0.513608316
12087,0.521792118
12089,0.408823269
12091,0.527254946
12093,0.378417919
12095,0.491357486
12097,0.474476143
12099,0.394391871
12101,0.294517976
12103,0.493587264
12105,0.416016363
12107,0.44097871
12113,0.459973404
12115,0.54472058
12117,0.533052568
12109,0.364202249
12111,0.360870648
12119,0.302893212
12121,0.504393431
12123,0.441457148
12125,0.244875209
12127,0.396404615
12129,0.202138372
12131,0.36407941
12133,0.355122838
13001,0.706788115
13003,0.327661115
13005,0.461490126
13007,0.311891516
13009,0.34955136
13011,0.781924037
13013,0.374013532
13015,0.47832435
13017,0.628067931
13019,0.476046256
13021,0.581921371
13023,0.413653342
13025,0.336773764
13027,0.414759831
13029,0.311949573
13031,0.344134946
13033,0.404903236
13035,0.440001573
13037,0.426341288
13039,0.343540023
13043,0.466988435
13045,0.519085507
13047,0.361165134
13049,0.346700751
13051,0.416423122
13053,0.194668061
13055,0.509673543
13057,0.447093241
13059,0.418408188
13061,0.247542135
13063,0.457339673
13065,0.46303156
13067,0.552171967
13069,0.451615149
13071,0.530219182
13073,0.396314339
13075,0.404434384
13077,0.423562172
13079,0.175432811
13081,0.56518283
13083,0.401882961
13085,0.474774237
13087,0.543365002
13089,0.509279392
13091,0.657515684
13093,0.514543183
13095,0.552173913
13097,0.537677572
13099,0.512345679
13101,0.158777387
13103,0.340595038
13105,0.629322198
13107,0.314256852
13109,0.477538519
13111,0.785931514
13113,0.738157961
13115,0.624695691
13117,0.420299025
13119,0.602416325
13121,0.672080509
13123,0.38002743
13125,0.368238558
13127,0.480834093
13129,0.568156541
13131,0.551303552
13133,0.621252974
13135,0.495474692
13137,0.521561556
13139,0.800936319
13141,0.312306812
13143,0.540024733
13145,0.344611746
13147,0.729518352
13149,0.4627585
13151,0.371410648
13153,0.440791283
13155,0.422615353
13157,0.371928808
13159,0.422539073
13161,0.702686244
13163,0.559870138
13165,0.627622781
13167,0.376972467
13169,0.406533319
13171,0.372
13173,0.314872937
13175,0.594754892
13177,0.320688719
13179,0.356074537
13181,0.515344603
13183,0.276781296
13185,0.504376284
13187,0.259495939
13193,0.551481543
13195,0.346580345
13197,0.331154975
13189,0.718703772
13191,0.400364465
13199,0.42953476
13201,0.626833333
13205,0.514272581
13207,0.269270666
13209,0.376538908
13211,0.619644723
13213,0.361143772
13215,0.581881095
13217,0.347261364
13219,0.314529056
13221,0.294097808
13223,0.216250348
13225,0.455666345
13227,0.328636802
13229,0.622945831
13231,0.493779448
13233,0.635358085
13235,0.50644343
13237,0.332471538
13239,0.381655481
13241,0.664040751
13243,0.512217899
13245,0.528278326
13247,0.496761783
13249,0.906091929
13251,0.517310016
13253,0.535366787
13255,0.610480492
13257,0.578554361
13259,0.355664283
13261,0.519381415
13263,0.351648352
13265,0.296985247
13267,0.42969092
13269,0.431678608
13271,0.378937245
13273,0.481654872
13275,0.625463994
13277,0.559137964
13279,0.623381428
13281,0.493556392
13283,0.387761474
13285,0.600812376
13287,0.633022429
13289,0.427698828
13291,0.611602793
13293,0.593501805
13295,0.542510421
13297,0.408521511
13299,0.609886624
13301,0.755321189
13303,0.486491895
13305,0.657875531
13307,0.436115843
13309,0.289385624
13311,0.436024712
13313,0.699574195
13315,0.483458818
13317,0.658546785
13319,0.535879238
13321,0.475943033
15001,0.418409103
15003,0.384964014
15005,0.43902439
15007,0.469999181
15009,0.465621472
16001,0.475233702
16003,0.319022608
16005,0.512618079
16007,0.900345261
16009,0.37019937
16011,0.541277713
16013,0.361156889
16015,0.325229961
16017,0.255296115
16019,0.653576845
16021,0.36305574
16023,0.880730381
16025,0.689879294
16027,0.430739274
16029,0.744841326
16031,0.57797607
16033,0.289873418
16035,0.324479047
16037,0.701988304
16039,0.369252773
16041,1.187403128
16043,0.772408127
16045,0.355069811
16047,0.262020772
16049,0.609032102
16051,0.882781393
16053,0.314642901
16055,0.636611384
16057,0.298934636
16059,0.558314522
16061,0.527030852
16063,0.334308563
16065,0.535652864
16067,0.487947069
16069,0.450320741
16071,0.759640666
16073,0.352388147
16075,0.482194911
16077,0.769611577
16079,0.177462222
16081,0.299742046
16083,0.476278791
16085,0.461348544
16087,0.479619048
17001,0.745942163
17003,0.43110687
17005,0.435216741
17007,0.468679838
17009,0.272101217
17011,0.38088076
17013,0.387198558
17015,0.499872628
17017,0.581965956
17019,0.396798873
17021,0.323401504
17023,0.689550307
17025,0.711017459
17027,0.5795279
17029,0.490130807
17031,0.542626055
17033,0.407034638
17035,0.29645933
17039,0.355761794
17037,0.53220474
17041,0.631509625
17043,0.635719393
17045,0.450729278
17047,0.567814251
17049,0.575372101
17051,0.515357409
17053,0.464903207
17055,0.475954925
17057,0.301228838
17059,0.422765871
17061,0.538589904
17063,0.36146803
17065,0.526210434
17067,0.438251986
17069,0.384762949
17071,0.257554407
17073,0.435678922
17075,0.431399343
17077,0.460320157
17079,0.438462367
17081,0.468218683
17083,0.387458163
17085,0.426230996
17087,0.28336339
17089,0.564467728
17091,0.477646927
17093,0.271678711
17095,0.246202494
17097,0.510976535
17099,0.393222565
17101,0.263350785
17103,0.458368722
17105,0.417534553
17107,0.473362633
17115,0.46269159
17117,0.415504703
17119,0.477749484
17121,0.512974105
17123,0.342020099
17125,0.314916705
17127,0.642458889
17109,0.336184742
17111,0.383162116
17113,0.442528399
17129,0.428641132
17131,0.365755781
17133,0.572650306
17135,0.40207862
17137,0.412182895
17139,0.692207077
17141,0.473912876
17143,0.431518451
17145,0.440057293
17147,0.36550111
17149,0.431643938
17151,0.343874568
17153,0.631426921
17155,0.401277275
17157,0.521201472
17159,0.454562702
17161,0.316018303
17165,0.58263211
17167,0.471216188
17169,0.342219646
17171,0.524348353
17173,0.468080038
17163,0.464156954
17175,0.318703704
17177,0.601411607
17179,0.427293423
17181,0.446416145
17183,0.346107187
17185,0.475222252
17187,0.340540541
17189,0.579100356
17191,0.545521973
17193,0.666930893
17195,0.628449839
17197,0.431715145
17199,0.365806442
17201,0.570254074
17203,0.359710921
18001,0.824820576
18003,0.545240134
18005,0.477605586
18007,0.424934052
18009,0.27675033
18011,0.424913856
18013,0.294410339
18015,0.301487245
18017,0.368391867
18019,0.359508807
18021,0.315914759
18023,0.424887014
18025,0.319684591
18027,0.569785207
18029,0.325124805
18031,0.426110607
18033,0.351577488
18035,0.310903193
18037,0.658157069
18039,0.458543229
18041,0.492905377
18043,0.530329009
18045,0.30214212
18047,0.372789116
18049,0.319726563
18051,0.431583412
18053,0.388967214
18055,0.307340194
18057,0.400167498
18059,0.329321142
18061,0.308014324
18063,0.387766895
18065,0.292717831
18067,0.473618781
18069,0.390813376
18071,0.546480572
18073,0.480709642
18075,0.374548296
18077,0.396898664
18079,0.3243762
18081,0.351602633
18083,0.443691086
18085,0.335805085
18087,0.608070019
18089,0.505688791
18091,0.360755046
18093,0.398458155
18095,0.304313412
18097,0.507047154
18099,0.383512312
18101,0.420097839
18103,0.221845281
18105,0.281617258
18107,0.335617883
18109,0.42017275
18111,0.265726681
18113,0.285079124
18115,0.388215488
18117,0.376654754
18119,0.242530838
18121,0.322542709
18123,0.385915493
18125,0.228163265
18127,0.381976157
18129,0.453215447
18131,0.393319482
18133,0.288923379
18135,0.276018284
18137,0.569753406
18139,0.3040234
18143,0.323080709
18145,0.421817778
18147,0.465118627
18141,0.397824207
18149,0.271533097
18151,0.39477276
18153,0.344333958
18155,0.256341789
18157,0.291171591
18159,0.34422814
18161,0.248765345
18163,0.456849269
18165,0.237580154
18167,0.379659548
18169,0.353305785
18171,0.230924171
18173,0.388728912
18175,0.327904336
18177,0.36479197
18179,0.488644429
18181,0.328337654
18183,0.37740926
19001,0.338313767
19003,0.390388769
19005,0.633880947
19007,0.322156369
19009,0.528727529
19011,0.449110459
19013,0.489667846
19015,0.462287105
19017,0.60629102
19019,0.516411379
19021,0.50151275
19023,0.45611832
19025,0.579329102
19027,0.820134875
19029,0.495543536
19031,0.350067549
19033,0.576947156
19035,0.597186481
19037,0.737595738
19039,0.427574887
19041,0.645324707
19043,0.603004166
19045,0.483727938
19047,0.490287443
19049,0.469210859
19051,0.410318332
19053,0.308044474
19055,0.532479414
19057,0.359007967
19059,0.67434898
19061,0.554610844
19063,0.583191308
19065,0.48085499
19067,0.484993921
19069,0.558538776
19071,0.314761544
19073,0.516816783
19075,0.491037392
19077,0.393015156
19079,0.49710752
19081,0.639833256
19083,0.494963858
19085,0.40255109
19087,0.333365882
19089,0.74062731
19091,0.560904449
19093,0.660670949
19095,0.503961109
19097,0.523992815
19099,0.331155952
19101,0.299495627
19103,0.29891923
19105,0.461203139
19107,0.445828765
19109,0.785945508
19111,0.422738787
19113,0.44895983
19115,0.347328596
19117,0.296386379
19119,0.656276186
19121,0.352671018
19123,0.433934205
19125,0.542557012
19127,0.532377509
19129,0.314899199
19131,0.628395646
19133,0.477431151
19135,0.501121816
19137,0.518102614
19139,0.320758645
19141,0.651177549
19143,0.498223514
19145,0.46709618
19147,0.569364162
19149,0.611214881
19151,0.467646228
19153,0.387253478
19155,0.33185647
19157,0.344014575
19159,0.322539138
19161,0.698695741
19163,0.394906938
19165,0.61884897
19167,0.746431757
19169,0.344043354
19171,0.425328275
19173,0.557835821
19175,0.35005767
19177,0.382618353
19179,0.292914186
19181,0.326431693
19183,0.414003988
19185,0.455287056
19187,0.497635071
19189,0.708212379
19191,0.69387145
19193,0.484430013
19195,0.537283353
19197,0.486440547
20001,0.42391825
20003,0.601837672
20005,0.55731588
20007,0.684957427
20009,0.586553171
20011,0.528690808
20013,0.421539756
20015,0.325200356
20017,0.299766719
20019,0.287659071
20021,0.337361843
20023,0.695718654
20025,0.609241587
20027,0.504127141
20029,0.378542958
20031,0.481578947
20033,0.674363529
20035,0.393007033
20037,0.42240583
20039,0.591172214
20041,0.428159983
20043,0.379893475
20045,0.290659595
20047,0.567595459
20049,0.445026178
20051,0.695963227
20053,0.433814304
20055,0.622303093
20057,0.591711144
20059,0.346553316
20061,0.376765835
20063,0.633186166
20065,0.589233954
20067,0.737214363
20069,0.692021935
20071,0.341121495
20073,0.435172872
20075,0.508339952
20077,0.506836828
20079,0.460792382
20081,0.636772487
20083,0.446894951
20085,0.271311971
20087,0.366506969
20089,0.489768076
20091,0.466226021
20093,0.555109214
20095,0.604685408
20097,0.718292683
20099,0.530866033
20101,0.657560356
20103,0.378195186
20105,0.668254508
20107,0.337816703
20109,0.645184649
20111,0.449951832
20115,0.51129155
20117,0.846084877
20113,0.523310062
20119,0.880394575
20121,0.403761224
20123,0.648378192
20125,0.514387347
20127,0.442443372
20129,0.445760829
20131,0.764625718
20133,0.470259054
20135,0.731671009
20137,0.654881846
20139,0.335278447
20141,0.516857143
20143,0.380296425
20145,0.527106989
20147,0.856454527
20149,0.499644942
20151,0.499617779
20153,0.530261617
20155,0.463795276
20157,0.648908858
20159,0.488278349
20161,0.385580678
20163,0.754624924
20165,0.574424899
20167,0.583769242
20169,0.43443272
20171,0.673267327
20173,0.460062922
20175,0.441222
20177,0.426848286
20179,0.708622803
20181,0.521174287
20183,0.614005602
20185,0.313850688
20187,0.604606526
20189,0.522285714
20191,0.460548655
20193,0.557755359
20195,0.612535613
20197,0.339392177
20199,0.449074074
20201,0.814104882
20203,0.36105948
20205,0.39575603
20207,0.203852327
20209,0.499228928
21001,0.324181347
21003,0.342772489
21005,0.541380178
21007,0.894151139
21009,0.429852759
21011,0.381019608
21013,0.846453915
21015,0.425379501
21017,0.448696425
21019,0.523051739
21021,0.737636376
21023,0.428452381
21025,0.177066628
21027,0.530148786
21029,0.297979737
21031,0.76646997
21033,0.974227212
21035,0.613427486
21037,0.503631441
21039,0.654579362
21041,0.418223867
21043,0.30848387
21045,0.511950317
21047,0.530887447
21049,0.416883047
21051,0.43607766
21053,0.60304766
21055,0.644382647
21057,0.591032609
21059,0.638677017
21061,1.302160647
21063,0.091378841
21065,0.378803926
21067,0.484350684
21069,0.314679751
21071,0.332925268
21073,0.451058381
21075,0.742900998
21077,0.301495972
21079,0.50339173
21081,0.503387996
21083,0.731152282
21085,0.426192279
21087,0.893220492
21089,0.359212502
21091,0.878174821
21093,0.439052592
21095,0.517274794
21097,0.471966617
21099,0.471070095
21101,0.577344674
21103,0.376897563
21105,1.112585711
21107,0.622834247
21109,0.342416056
21111,0.51069838
21113,0.555094261
21115,0.298412698
21117,0.432274168
21119,0.264402498
21121,0.609810221
21123,0.477635031
21125,0.43088496
21127,0.358743018
21129,0.309263016
21131,0.308665462
21133,0.310330425
21135,0.236850153
21137,0.531040165
21139,0.705220522
21141,0.701808107
21143,0.655414747
21151,0.373059622
21153,0.311420469
21155,0.512384454
21157,0.682428377
21159,0.255426597
21161,0.587792056
21145,0.771933702
21147,0.272441971
21149,0.781031469
21163,0.488117855
21165,0.189923115
21167,0.614813833
21169,0.656328991
21171,0.578849885
21173,0.422174006
21175,0.242313857
21177,0.740849715
21179,0.44678848
21181,0.415019238
21183,0.682609793
21185,0.36627864
21187,0.498315304
21189,0.275487534
21191,0.481767277
21193,0.350437256
21195,0.33346401
21197,0.357605301
21199,0.548297813
21201,0.233926129
21203,0.576915882
21205,0.24920931
21207,0.459674282
21209,0.320741842
21211,0.494642671
21213,0.459324283
21215,0.347716778
21217,0.675633094
21219,0.772441395
21221,0.825616955
21223,0.386122256
21225,0.738366989
21227,0.420790166
21229,0.719464538
21231,0.669905395
21233,0.58984405
21235,0.578448464
21237,0.314081073
21239,0.626697927
22001,0.596654856
22003,0.464879121
22005,0.496774704
22007,0.619563667
22009,0.593631119
22011,0.708993406
22013,0.788383021
22015,0.588422165
22017,0.808507955
22019,0.606458011
22021,0.523587351
22023,0.698059462
22025,0.789130923
22027,0.597741708
22029,0.483491197
22031,0.570080561
22033,0.633296919
22035,0.261429146
22037,0.485234659
22039,0.496846986
22041,0.748912714
22043,0.427894808
22045,0.731913798
22047,0.464038888
22049,0.874925155
22053,0.697612403
22051,0.708884911
22055,0.708818505
22057,0.521633507
22059,0.603745521
22061,0.545644268
22063,0.491847177
22065,0.474493361
22067,0.569901284
22069,0.518032787
22071,0.557642377
22073,0.613669809
22075,0.744205826
22077,0.564119857
22079,0.734700784
22081,0.531627297
22083,0.539041062
22085,0.791288648
22087,0.443606617
22089,0.572665512
22091,0.523626374
22093,1.179774168
22095,0.596864185
22097,0.687618125
22099,0.571329225
22101,0.613812088
22103,0.810605889
22105,0.523021696
22107,0.404870991
22109,0.616152583
22111,0.678258398
22113,0.488136125
22115,0.557969231
22117,0.53720608
22119,0.669543106
22121,0.459318357
22123,0.902368988
22125,0.30182887
22127,0.777608142
23001,0.400768407
23003,0.514313389
23005,0.329611409
23007,0.253666486
23009,0.178322939
23011,0.391250546
23013,0.306080232
23015,0.201804921
23017,0.174394655
23019,0.290928324
23021,0.176071429
23023,0.242322679
23025,0.165540741
23027,0.148837327
23029,0.197909632
23031,0.32401921
24001,0.408759874
24003,0.338574204
24510,0.513322338
24005,0.34656158
24009,0.411939687
24011,0.355480131
24013,0.397909666
24015,0.298086286
24017,0.398620789
24019,0.356214073
24021,0.366760269
24023,0.377456086
24025,0.34982217
24027,0.430992095
24029,0.389467653
24031,0.53421602
24033,0.500441997
24035,0.409090909
24039,0.225873274
24037,0.443235452
24041,0.496509087
24043,0.379664523
24045,0.403550604
24047,0.639229889
25001,0.361115478
25003,0.428200518
25005,0.420854627
25007,0.250339806
25009,0.490823371
25011,0.236114826
25013,0.471368003
25015,0.24014836
25017,0.540765881
25019,0.325850579
25021,0.534198553
25023,0.430843659
25025,0.588559734
25027,0.448081512
26001,0.178813809
26003,0.283306944
26005,0.364491876
26007,0.352959491
26009,0.242669967
26011,0.281029196
26013,0.36393724
26015,0.245870913
26017,0.396722385
26019,0.22097941
26021,0.436921641
26023,0.339530115
26025,0.322686323
26027,0.237318033
26029,0.353112766
26031,0.270690801
26033,0.273290744
26035,0.320035001
26037,0.335241634
26039,0.130582076
26041,0.572907352
26043,0.493004972
26045,0.277233799
26047,0.332492964
26049,0.404986571
26051,0.292090128
26053,0.322809458
26055,0.302368802
26057,0.240726994
26059,0.243256241
26061,0.361285833
26063,0.524596428
26065,0.396044226
26067,0.302212442
26069,0.31319095
26071,0.355687387
26073,0.325263223
26075,0.280396094
26077,0.390209042
26079,0.190200123
26081,0.429226687
26083,0.258064516
26085,0.319857804
26087,0.264378971
26089,0.301286938
26091,0.336209931
26093,0.294579761
26095,0.399325716
26097,0.416743585
26099,0.370531889
26101,0.232782039
26103,0.433373222
26105,0.358219744
26107,0.293070454
26109,0.491234789
26111,0.443121661
26113,0.328992825
26115,0.456355897
26117,0.267286156
26119,0.250300448
26121,0.283567659
26123,0.355236304
26125,0.482774964
26127,0.262200383
26129,0.278719307
26131,0.382393398
26133,0.300598488
26135,0.182260616
26137,0.305368459
26139,0.442191087
26141,0.39608689
26143,0.213095187
26145,0.477930193
26151,0.299032282
26153,0.527277246
26155,0.247011484
26147,0.341663393
26149,0.400269122
26157,0.376891773
26159,0.28479765
26161,0.317634544
26163,0.471680082
26165,0.300270246
27001,0.480919921
27003,0.422949982
27005,0.5291476
27007,0.348987627
27009,0.523163924
27011,0.806813782
27013,0.526753675
27015,0.878589071
27017,0.387991272
27019,0.506733881
27021,0.239173818
27023,0.775916812
27025,0.345578496
27027,0.462766772
27029,0.539300798
27031,0.30625
27033,0.613093688
27035,0.435415816
27037,0.525497747
27039,0.594000096
27041,0.588550479
27043,0.742690899
27045,0.736904089
27047,0.588379997
27049,0.650056744
27051,0.816101416
27053,0.511603391
27055,0.621132516
27057,0.337987256
27059,0.200850857
27061,0.394521704
27063,0.709880869
27065,0.264471058
27067,0.674860514
27069,0.783931543
27071,0.493782126
27073,0.973656794
27075,0.473544246
27077,0.617326601
27079,0.4739834
27081,0.790248227
27083,0.619810835
27087,0.446682683
27089,0.633075221
27091,0.800699126
27085,0.698322047
27093,0.478760684
27095,0.548924752
27097,0.604381064
27099,0.563091758
27101,0.688470473
27103,0.510942126
27105,0.650022432
27107,0.719608756
27109,0.475925255
27111,0.561425409
27113,0.610849057
27115,0.546059011
27117,0.709889643
27119,0.546037445
27121,0.579501238
27123,0.424656741
27125,0.772045743
27127,0.803435981
27129,0.745092712
27131,0.559846193
27133,0.710016488
27135,0.455221447
27139,0.502246104
27141,0.295175082
27143,0.66325155
27137,0.352238165
27145,0.529925707
27147,0.612468588
27149,0.770344328
27151,0.68103273
27153,0.481434566
27155,0.645238095
27157,0.707859915
27159,0.553146107
27161,0.640552509
27163,0.441764337
27165,0.736514707
27167,0.542883492
27169,0.560447746
27171,0.435575964
27173,0.740869018
28001,0.862279098
28003,0.727662637
28005,0.499056604
28007,0.568505786
28009,0.743918389
28011,0.533258028
28013,0.832051862
28015,0.579515903
28017,0.768619198
28019,0.598835799
28021,0.129939792
28023,0.663784822
28025,0.885705087
28027,0.527816737
28029,0.552735477
28031,0.596455834
28033,0.513641711
28035,0.713720924
28037,0.680130293
28039,0.476262834
28041,0.323059867
28043,0.655185168
28045,0.289210258
28047,0.442635209
28049,0.765111398
28051,0.488176471
28053,0.382915864
28055,0.157698057
28057,0.466831496
28059,0.483427806
28061,0.466487444
28063,0.369559229
28065,0.512233902
28067,0.750394075
28069,0.386404094
28071,0.394209234
28073,0.451979073
28075,0.758248383
28077,0.598119174
28079,0.608225617
28081,0.58086462
28083,0.606443417
28085,0.684361303
28087,0.842439579
28089,0.616803335
28091,0.776154822
28093,0.585950462
28095,0.530631949
28097,0.819894115
28099,0.583490907
28101,0.529707388
28103,0.455614973
28105,0.484378621
28107,0.507166948
28109,0.629797845
28111,0.582573191
28113,0.683984724
28115,0.662775782
28117,0.736404351
28119,0.606379534
28121,0.540504741
28123,0.657020364
28125,0.601315789
28127,0.889051601
28129,0.449574214
28131,0.401189113
28133,0.397289284
28135,0.402752654
28137,0.597206385
28139,0.692505157
28141,0.501644562
28143,0.230320998
28145,0.829067214
28147,0.480481129
28149,0.675707705
28151,0.756244157
28153,0.605338996
28155,0.679931493
28157,0.530685921
28159,0.694140228
28161,0.950324493
28163,0.482593576
29001,0.412657028
29003,0.445437
29005,0.396795476
29007,0.51750661
29009,0.51969074
29011,0.629457764
29013,0.439222042
29015,0.466793854
29017,0.429260907
29019,0.370410108
29021,0.446263253
29023,0.397317826
29025,0.538287011
29027,0.300589391
29029,0.405076617
29031,0.58466528
29033,0.680047087
29035,0.437716263
29037,0.304338552
29039,0.391246123
29041,0.610421166
29043,0.684619887
29045,0.345794393
29047,0.394753982
29049,0.447271526
29051,0.612236183
29053,0.532947436
29055,0.297536433
29057,0.583960893
29059,0.426337063
29061,0.64911032
29063,0.255236195
29065,0.434089176
29067,0.3095526
29069,0.432415232
29071,0.509275711
29073,0.516628363
29075,0.730282376
29077,0.478922102
29079,0.727059543
29081,0.513178865
29083,0.493666272
29085,0.33216572
29087,0.569026758
29089,0.481233376
29091,0.417408805
29093,0.366572297
29095,0.511950575
29097,0.496379143
29099,0.351576041
29101,0.292596227
29103,0.650106838
29105,0.55306751
29107,0.55875576
29109,0.526986132
29111,0.468500797
29113,0.291033001
29115,0.738925383
29117,0.569554166
29121,0.641133539
29123,0.526374149
29125,0.441650854
29127,0.480210342
29119,0.390722225
29129,0.80384398
29131,0.517312515
29133,0.466247913
29135,0.48322885
29137,0.656012001
29139,0.3881823
29141,0.420927354
29143,0.568820737
29145,0.49689674
29147,0.518054706
29149,0.595830921
29151,0.629576616
29153,0.278148018
29155,0.626907605
29157,0.699461912
29159,0.525942299
29161,0.391863435
29163,0.461363507
29165,0.283035664
29167,0.393762492
29169,0.354517654
29171,0.525315104
29173,0.330275229
29175,0.39634245
29177,0.389843683
29179,0.601049869
29181,0.353216593
29195,0.487935542
29197,0.525793651
29199,0.617472434
29201,0.542552353
29203,0.312757787
29205,0.483860397
29183,0.496456613
29185,0.507647566
29187,0.377798034
29510,0.797863239
29189,0.507350181
29186,0.489853347
29207,0.331194196
29209,0.332282147
29211,0.58409735
29213,0.432490279
29215,0.52832115
29217,0.438169178
29219,0.375858381
29221,0.341073403
29223,0.32959723
29225,0.464500448
29227,1.468322352
29229,0.654222564
30001,0.45896916
30003,0.376485827
30005,0.433560477
30007,0.1446708
30009,0.230592953
30011,0.476325088
30013,0.378053403
30015,0.419677693
30017,0.397488835
30019,0.420830825
30021,0.729082774
30023,0.349113682
30025,0.554936045
30027,0.370085619
30029,0.370229117
30031,0.29543544
30033,0.482523444
30035,0.807011177
30037,0.260024301
30039,0.226050166
30041,0.308541296
30043,0.276789408
30045,0.254078102
30047,0.29527205
30049,0.348202838
30051,0.856559469
30053,0.305585201
30057,0.24921721
30055,0.437825333
30059,0.372599896
30061,0.23660419
30063,0.267651498
30065,0.245665962
30067,0.312489093
30069,0.074596774
30071,0.396253261
30073,0.597660224
30075,0.207792208
30077,0.304203858
30079,0.253676471
30081,0.283560465
30083,0.376555565
30085,0.41013526
30087,0.673069996
30089,0.274435484
30091,0.43204295
30093,0.437736601
30095,0.333258953
30097,0.279499728
30099,0.767105686
30101,0.495272581
30103,0.442257218
30105,0.281340723
30107,0.685355244
30109,0.540021345
30111,0.335601678
31001,0.490530364
31003,0.70675139
31005,0
31007,0.176557864
31009,0.587006961
31011,0.884365124
31013,0.504334994
31015,0.888950276
31017,0.602135722
31019,0.520066289
31021,0.455667956
31023,0.566853865
31025,0.276223776
31027,0.909546539
31029,0.582840997
31031,0.485976169
31033,0.451520913
31035,0.506716907
31037,0.640805141
31039,0.834794186
31041,0.552773826
31043,0.421323325
31045,0.412489328
31047,0.545808967
31049,0.488030468
31051,0.692293971
31053,0.531412274
31055,0.513633269
31057,0.587666264
31059,0.62763466
31061,0.685012115
31063,0.566891624
31065,0.761216566
31067,0.613204939
31069,0.469583778
31071,0.933811362
31073,0.500792393
31075,0.661211129
31077,1.109232176
31079,0.454551236
31081,0.621911125
31083,0.386267491
31085,0.389018692
31087,0.525993884
31089,0.831934433
31091,1.165963432
31093,0.609111969
31095,0.636878453
31097,0.396597353
31099,0.502990431
31101,0.53905219
31103,0.678803641
31105,0.437682003
31107,0.779525682
31109,0.441566855
31111,0.258305456
31113,0.81424581
31115,0.034596376
31119,0.681888436
31117,0.335839599
31121,0.481090245
31123,0.510867179
31125,0.593786982
31127,0.462538875
31129,0.592918193
31131,0.495286576
31133,0.424528302
31135,0.468509447
31137,0.380909902
31139,0.751537515
31141,0.721162818
31143,0.514767932
31145,0.524481405
31147,0.512514293
31149,0.462757528
31151,0.471802407
31153,0.315077333
31155,0.446494299
31157,0.472286886
31159,0.665909478
31161,0.619075483
31163,0.758702264
31165,0.392951542
31167,0.298014379
31169,0.855780691
31171,0.497757848
31173,0.402037502
31175,0.598176891
31177,0.466427031
31179,0.644219862
31181,0.435051546
31183,0.30749354
31185,0.629451327
32510,0.343508586
32001,0.372824894
32003,0.432869072
32005,0.407997898
32007,0.466593423
32009,0.135802469
32011,0.491644205
32013,0.396875904
32015,0.708231601
32017,0.726383641
32019,0.206432008
32021,0.330259113
32023,0.215560854
32027,0.234887218
32029,0.32748538
32031,0.387017669
32033,0.549118943
33001,0.334149596
33003,0.186441016
33005,0.235580319
33007,0.323173852
33009,0.269156478
33011,0.277019982
33013,0.275154738
33015,0.287456712
33017,0.237880953
33019,0.232635906
34001,0.538884073
34003,0.582786806
34005,0.379560906
34007,0.634532031
34009,0.653370144
34011,0.437587576
34013,0.539258887
34015,0.593835802
34017,0.493921535
34019,0.390478259
34021,0.478050292
34023,0.497846291
34025,0.573561834
34027,0.574831381
34029,0.408989547
34031,0.598683884
34033,0.32900967
34035,0.501724283
34037,0.299436282
34039,0.565024464
34041,0.333415426
35001,0.550106143
35003,0.481419391
35005,0.477185874
35006,0.533821581
35007,0.472915153
35009,0.542040058
35011,1.324499411
35013,0.373413311
35015,0.524216067
35017,0.566861806
35019,0.577044025
35021,1.563165906
35023,0.661560555
35025,0.459324424
35027,0.466919927
35028,0.548586436
35029,0.64289928
35031,0.264656662
35033,0.849367391
35035,0.324267752
35037,0.899268237
35039,0.792210688
35041,0.591735709
35045,0.402240652
35047,0.81916106
35043,0.544741121
35049,0.720997526
35051,0.373445059
35053,0.393793311
35055,0.865290382
35057,0.619607843
35059,0.700907085
35061,0.494442622
36001,0.463525257
36003,0.330463234
36005,0.387334024
36007,0.451155861
36009,0.351392747
36011,0.436903263
36013,0.37456622
36015,0.426070733
36017,0.359656925
36019,0.429129667
36021,0.251015105
36023,0.326732039
36025,0.296966688
36027,0.484230056
36029,0.679494381
36031,0.372381691
36033,0.506844706
36035,0.23308454
36037,0.428752483
36039,0.349711043
36041,0.65243783
36043,0.329436805
36045,0.295670873
36047,0.467965048
36049,0.45752765
36051,0.440518162
36053,0.380572218
36055,0.501510976
36057,0.480477267
36059,0.644301298
36061,0.52338467
36063,0.484299324
36065,0.52952504
36067,0.528771332
36069,0.433726369
36071,0.442201789
36073,0.428996356
36075,0.362697298
36077,0.313016882
36079,0.483781791
36081,0.544682024
36083,0.303463042
36085,0.604235628
36087,0.644754071
36091,0.348411313
36093,0.352781521
36095,0.25028606
36097,0.525198346
36099,0.363458922
36089,0.393696143
36101,0.377105061
36103,0.671476224
36105,0.335355617
36107,0.344525849
36109,0.298231511
36111,0.359794557
36113,0.349042396
36115,0.274460866
36117,0.322086259
36119,0.600205882
36121,0.309343465
36123,0.337208364
37001,0.442405857
37003,0.631955878
37005,0.548126378
37007,0.771253684
37009,0.454565978
37011,0.456250702
37013,0.540423721
37015,0.485000558
37017,0.69485915
37019,0.407892138
37021,0.524753945
37023,0.631106543
37025,0.539529858
37027,0.573438972
37029,0.390729116
37031,0.360813167
37033,0.428219564
37035,0.587970861
37037,0.412112473
37039,0.443490651
37041,1.066092793
37043,0.746144828
37045,0.604919664
37047,0.564150682
37049,0.52225973
37051,0.618182524
37053,0.232918149
37055,0.505485575
37057,0.399532351
37059,0.486209964
37061,0.412111259
37063,0.449101538
37065,0.395030675
37067,0.70895737
37069,0.326294606
37071,0.569734539
37073,0.483393777
37075,0.377708593
37077,0.509443861
37079,0.264583639
37081,0.518801993
37083,0.4469376
37085,0.358139674
37087,0.613313147
37089,0.493588806
37091,0.574935041
37093,0.292154679
37095,0.266724777
37097,0.536726069
37099,0.412698044
37101,0.389566618
37103,0.363933711
37105,0.486149957
37107,0.542161025
37109,0.512129939
37113,0.556600205
37115,0.499551739
37117,0.374199991
37111,0.453003724
37119,0.615831542
37121,0.754478964
37123,0.571162285
37125,0.501529175
37127,0.531904812
37129,0.509592294
37131,0.584740427
37133,0.351404857
37135,0.498917254
37137,0.430270446
37139,0.479294025
37141,0.399398701
37143,0.43467897
37145,0.4698826
37147,0.381043567
37149,0.503311258
37151,0.473049365
37153,0.686490011
37155,0.482639664
37157,0.485630544
37159,0.475050213
37161,0.697861709
37163,0.694288231
37165,0.368320946
37167,0.593514015
37169,0.582569632
37171,0.59744391
37173,0.46334207
37175,0.537834233
37177,0.459476117
37179,0.525830266
37181,0.535417352
37183,0.517755288
37185,0.437023924
37187,0.585567572
37189,0.428854047
37191,0.484953082
37193,0.612090527
37195,0.469854285
37197,0.645321653
37199,0.396318354
38001,0.691363636
38003,0.668847323
38005,0.65509725
38007,0.097354497
38009,0.520457752
38011,0.894754427
38013,0.928214448
38015,0.605649109
38017,0.512293727
38019,0.930615551
38021,0.878775755
38023,0.633257403
38025,0.789499389
38027,0.766936515
38029,1.006967586
38031,0.498969679
38033,0.544930876
38035,0.479964466
38037,0.693611473
38039,0.573287077
38041,0.578545601
38043,0.678362573
38045,0.665526509
38047,0.929104478
38049,0.65313377
38051,0.703952569
38053,0.257821001
38055,0.575273769
38057,0.61245509
38059,0.540386291
38061,0.515343052
38063,0.947927032
38065,0.566329249
38067,0.630771479
38069,0.772681704
38071,0.455234813
38073,0.658600736
38075,0.848378615
38077,0.721096255
38079,0.776072865
38081,0.758933195
38083,0.529644269
38085,0.388147768
38087,0.270538244
38089,0.635617904
38091,0.74137931
38093,0.507432964
38095,0.564754857
38097,0.587345254
38099,0.820410868
38101,0.415881234
38103,0.780763435
38105,0.380976801
39001,0.204935037
39003,0.574291138
39005,0.445058821
39007,0.36928895
39009,0.192116096
39011,0.521993882
39013,0.350903048
39015,0.291189669
39017,0.425069872
39019,0.414206055
39021,0.292194038
39023,0.338857803
39025,0.40821952
39027,0.291755914
39029,0.331733365
39031,0.424724134
39033,0.582439024
39035,0.60853072
39037,0.458163875
39039,0.821919239
39041,0.43254843
39043,0.561357806
39045,0.421901448
39047,0.473489689
39049,0.479187676
39051,0.534708403
39053,0.303969884
39055,0.730861557
39057,0.401140707
39059,0.357666892
39061,0.643327607
39063,0.41175921
39065,0.308053167
39067,0.270731202
39069,0.646771745
39071,0.321628922
39073,0.232263815
39075,0.766569432
39077,0.379714847
39079,0.274124889
39081,0.40940091
39083,0.399451539
39085,0.475651647
39087,0.287809066
39089,0.322128177
39091,0.386977248
39093,0.452930689
39095,0.412129967
39097,0.265790434
39099,0.516267595
39101,0.276136416
39103,0.371803584
39105,0.267176947
39107,0.775653687
39109,0.361538603
39111,0.469256631
39113,0.605900888
39115,0.255252862
39117,0.347296137
39119,0.36089573
39121,0.259440312
39123,0.528416411
39125,0.411198554
39127,0.27344103
39129,0.207536856
39131,0.200420851
39133,0.282877292
39135,0.223785946
39137,0.71963078
39139,0.439505027
39141,0.493352185
39143,0.419943629
39145,0.3258972
39147,0.448074234
39149,0.638544474
39151,0.469858851
39153,0.481216739
39155,0.47444511
39157,0.497925222
39159,0.307960627
39161,0.355397325
39163,0.130625
39165,0.538551686
39167,0.365879774
39169,0.46253871
39171,0.567866961
39173,0.531546791
39175,0.469406393
40001,0.573788151
40003,0.630812423
40005,0.728063353
40007,0.65379283
40009,0.681883088
40011,0.773898111
40013,0.722729937
40015,0.719651141
40017,0.393860302
40019,0.798845905
40021,0.382365436
40023,0.514925373
40025,0.912020906
40027,0.507359709
40029,0.677364223
40031,0.600776058
40033,0.831011399
40035,0.597363011
40037,0.456796834
40039,0.747553747
40041,0.421565958
40043,0.944246209
40045,0.773272873
40047,0.639436082
40049,0.724352978
40051,0.465005931
40053,0.90237467
40055,0.86996904
40057,1.644292605
40059,0.989608802
40061,0.643110458
40063,0.455749233
40065,0.660318741
40067,0.981450253
40069,0.46008567
40071,0.70791762
40073,0.555189673
40075,0.792220002
40077,0.805167302
40079,0.620686073
40081,0.494530456
40083,0.328443144
40085,0.721170905
40093,0.656772038
40095,0.583268025
40097,0.593812426
40087,0.435192742
40089,0.55880444
40091,0.561955546
40099,0.517405063
40101,0.755046051
40103,0.652691322
40105,0.520815451
40107,0.415296198
40109,0.741852235
40111,0.680787882
40113,0.446440264
40115,0.708601618
40117,0.627338777
40119,0.435306077
40121,0.742740959
40123,0.683015894
40125,0.605818864
40127,0.612745098
40129,0.85212086
40131,0.439783704
40133,0.579640007
40135,0.445278888
40137,0.629644324
40139,0.64520202
40141,0.871268657
40143,0.640166508
40145,0.245329151
40147,0.834067296
40149,0.561699011
40151,0.723678108
40153,0.699462628
41001,0.327333813
41003,0.279773912
41005,0.377009072
41007,0.307313985
41009,0.238871247
41011,0.26820065
41013,0.230212628
41015,0.236159686
41017,0.29339783
41019,0.306112355
41021,0.168421053
41023,0.240564081
41025,0.261107405
41027,0.394836719
41029,0.281659418
41031,0.290425271
41033,0.309478942
41035,0.302148013
41037,0.214705882
41039,0.238302639
41041,0.220319476
41043,0.353899386
41045,0.469766558
41047,0.458869103
41049,0.344657804
41051,0.351058585
41053,0.252261732
41055,0.183957219
41057,0.298466594
41059,0.402472682
41061,0.343373034
41063,0.24367474
41065,0.251856018
41067,0.343761868
41069,0.358373535
41071,0.294034645
42001,0.39383931
42003,0.607953282
42005,0.510418256
42007,0.500193205
42009,0.398722072
42011,0.456372756
42013,0.422269626
42015,0.302066136
42017,0.509351345
42019,0.539674757
42021,0.638186286
42023,0.405762041
42025,0.358708243
42027,0.33924462
42029,0.519974252
42031,0.473698343
42033,0.402149897
42035,0.336795728
42037,0.384182799
42039,0.402642427
42041,0.416901441
42043,0.446108778
42045,0.499670614
42047,0.554017425
42049,0.386712001
42051,0.354243657
42053,0.226014628
42055,0.328014776
42057,0.291563616
42059,0.362296267
42061,0.375238138
42063,0.484419672
42065,0.477366718
42067,0.390446212
42069,0.631521659
42071,0.471747826
42073,0.575020332
42075,0.36090383
42077,0.402131051
42079,0.510033969
42081,0.431919291
42083,0.36728334
42085,0.397561725
42087,0.476952084
42089,0.366530622
42091,0.542515174
42093,0.372408469
42095,0.442960719
42097,0.463135727
42099,0.312246412
42101,0.431504735
42103,0.23951482
42105,0.369053428
42107,0.518186076
42109,0.455808335
42111,0.489565487
42113,0.417808219
42115,0.323229432
42117,0.310512852
42119,0.341205689
42121,0.445673287
42123,0.377277321
42125,0.421821934
42127,0.356993451
42129,0.51423464
42131,0.356975718
42133,0.341389192
44001,0.49250881
44003,0.451189519
44005,0.674240744
44007,0.519239763
44009,0.481688861
45001,0.627248405
45003,0.610125113
45005,0.572334868
45007,0.725718886
45009,0.478476448
45011,0.59896061
45013,0.446105912
45015,0.359891413
45017,0.384942276
45019,0.505787108
45021,0.626618756
45023,0.68446151
45025,0.505603956
45027,0.522540457
45029,0.519065382
45031,0.523249344
45033,0.555351336
45035,0.418373158
45037,0.533265775
45039,0.692046973
45041,0.520221219
45043,0.618588733
45045,0.593754162
45047,0.518334271
45049,0.607187113
45051,0.449951429
45053,0.375429822
45055,0.488051007
45057,0.47520205
45059,0.565465879
45061,0.551509286
45063,0.528665844
45067,0.646129596
45069,0.42156973
45065,0.516166282
45071,0.511837535
45073,0.549543934
45075,0.647554706
45077,0.475974856
45079,0.566086022
45081,0.497561234
45083,0.515391909
45085,0.531537762
45087,0.780502129
45089,0.567266164
45091,0.447045269
46003,0.703312705
46005,0.60708131
46007,0.282756581
46009,0.506640011
46011,0.506094545
46013,0.751938592
46015,0.646845817
46017,0.775154004
46019,0.46324319
46021,0.84822077
46023,0.684412675
46025,0.6606724
46027,0.341551413
46029,0.653556929
46031,0.540235777
46033,0.409713874
46035,0.624123071
46037,0.68691503
46039,0.781140861
46041,0.449895018
46043,0.942504409
46045,0.644004014
46047,0.461350925
46049,0.733176471
46051,0.71585495
46053,0.81997997
46055,0.634615385
46057,0.237345879
46059,0.632432432
46061,0.461138399
46063,0.604118993
46065,0.644300591
46067,0.822674027
46069,0.893026941
46071,0.246258019
46073,0.66325917
46075,0.874591058
46077,0.80952381
46079,0.599150014
46081,0.3953353
46083,0.259326898
46085,1.146853147
46091,0.695308871
46087,0.603660683
46089,0.639983409
46093,0.351266247
46095,0.371741397
46097,0.542645779
46099,0.669186772
46101,0.641887626
46102,0.24129608
46103,0.490661222
46105,0.698412698
46107,0.859223301
46109,0.585992218
46111,0.561373391
46115,0.703662946
46117,0.468456376
46119,0.441217151
46121,0.328576027
46123,0.589615932
46125,0.499481148
46127,0.334840283
46129,0.78664158
46135,0.596696697
46137,0.394529631
47001,0.574031093
47003,0.412783407
47005,0.493255169
47007,0.204519547
47009,0.520756949
47011,0.621625852
47013,0.401991241
47015,0.391562112
47017,0.561954993
47019,0.462683654
47021,0.290855084
47023,0.510235857
47025,0.570764285
47027,0.452710724
47029,0.389594155
47031,0.489367583
47033,0.678527784
47035,0.536298961
47037,0.616993815
47039,0.558723218
47041,0.427689243
47043,0.469004879
47045,0.610445368
47047,0.570445344
47049,0.364973768
47051,0.496586712
47053,0.652283408
47055,0.589599947
47057,0.521273431
47059,0.487655377
47061,0.296622071
47063,0.736941658
47065,0.590671396
47067,0.812218553
47069,0.587974236
47071,0.591629086
47073,0.537190811
47075,0.642409315
47077,0.493750449
47079,0.609553092
47081,0.337091274
47083,0.36568876
47085,0.414481306
47087,0.243866747
47089,0.5663186
47091,0.520280811
47093,0.566533256
47095,0.575588865
47097,0.504553951
47099,0.609886999
47101,0.310920362
47103,0.586483196
47105,0.549848777
47111,0.236754442
47113,0.717818726
47115,0.41259493
47117,0.487382715
47119,0.431408085
47107,0.685974923
47109,0.662027372
47121,0.481109892
47123,0.598486486
47125,0.474737469
47127,0.324717536
47129,0.523223199
47131,0.745834281
47133,0.331526809
47135,0.444776476
47137,0.382523495
47139,0.68627451
47141,0.455443685
47143,0.429479769
47145,0.60692083
47147,0.539112399
47149,0.381547121
47151,0.35409611
47153,0.362567926
47155,0.589022159
47157,0.686400773
47159,0.367313103
47161,0.536135315
47163,0.622813174
47165,0.535808356
47167,0.543201575
47169,0.310804994
47171,0.374721107
47173,0.343854156
47175,0.235246433
47177,0.506824897
47179,0.521086308
47181,0.380852637
47183,0.61680141
47185,0.443859457
47187,0.549611264
47189,0.511327562
48001,0.536048479
48003,0.654003224
48005,0.703466636
48007,0.583676039
48009,0.736098131
48011,0.456709957
48013,0.619158449
48015,0.612059535
48017,0.605156431
48019,0.621936598
48021,0.441737986
48023,0.967965368
48025,0.533417077
48027,0.46872361
48029,0.530022535
48031,0.454809214
48033,0.434231379
48035,0.473923773
48037,0.702754782
48039,0.5715814
48041,0.397662594
48043,0.511523151
48045,0.88641115
48047,0.716365178
48049,0.624150151
48051,0.665910894
48053,0.537125992
48055,0.454896149
48057,0.704665274
48059,0.515684272
48061,0.54551954
48063,0.643212452
48065,0.573618047
48067,0.674457018
48069,0.75308642
48071,0.356659724
48073,0.597694993
48075,0.462935174
48077,0.567430025
48079,0.922654103
48081,0.701674277
48083,0.630140552
48085,0.472245682
48087,1.24811463
48089,0.604319696
48091,0.604720714
48093,0.595630425
48095,0.409930366
48097,0.687673994
48099,0.414102271
48101,0.897826087
48103,0.598716578
48105,0.478050355
48107,0.778881746
48109,0.830438757
48111,0.525228391
48113,0.589729099
48115,0.664739884
48117,0.626809449
48119,0.515105163
48121,0.407067569
48123,0.453440274
48125,0.770621469
48127,0.82739408
48129,0.826580724
48131,0.858610518
48133,0.901495063
48135,0.502933324
48137,1.035864979
48141,0.623844086
48139,0.507074381
48143,0.476037137
48145,0.542314946
48147,0.49786888
48149,0.835400041
48151,0.923474946
48153,0.678822658
48155,0.570776256
48157,0.426468104
48159,0.464813206
48161,0.551222022
48163,0.199456078
48165,0.453236411
48167,0.44817527
48169,0.474209078
48171,0.83131899
48173,0.758064516
48175,0.374643468
48177,0.832239353
48179,0.834691666
48181,0.455368407
48183,0.864422605
48185,0.480968976
48187,0.341331511
48189,0.833497325
48191,0.442831858
48193,0.486256385
48195,0.768779565
48197,0.723302339
48199,0.473244296
48201,0.587166743
48203,0.46663955
48205,0.387216648
48207,1.023818316
48209,0.39065488
48211,0.758426966
48213,0.484942179
48215,0.614459893
48217,0.615320288
48219,0.618702698
48221,0.503928699
48223,0.557615462
48225,0.578446479
48227,0.552352266
48229,0.506558401
48231,0.426087478
48233,0.530969588
48235,0.395241243
48237,0.462464589
48239,0.613090472
48241,0.67134627
48243,0.359218437
48245,0.699359909
48247,0.925589086
48249,0.746316629
48251,0.36509251
48253,0.465900422
48255,0.633242692
48257,0.408877572
48259,0.771652476
48261,0.631428571
48263,0.884462151
48265,0.628769155
48267,0.455202986
48269,4.524528302
48271,0.597315436
48273,0.626320876
48275,0.753056964
48283,0.858943577
48277,0.523738221
48279,0.753622077
48281,0.449530679
48285,0.862860796
48287,0.675534958
48289,0.561231631
48291,0.487132754
48293,0.651584936
48295,0.913697287
48297,0.584649316
48299,0.414771925
48301,0
48303,0.512134664
48305,0.775732666
48313,0.497064288
48315,0.423753213
48317,0.609891159
48319,0.780166962
48321,0.557495518
48323,0.772107727
48307,0.483486239
48309,0.573342441
48311,0.548333333
48325,0.685150154
48327,0.500509684
48329,0.652424066
48331,0.59513614
48333,0.864228007
48335,0.742825362
48337,0.436664162
48339,0.498400337
48341,0.616958517
48343,1.478576798
48345,0.6434619
48347,0.558257157
48349,0.450421861
48351,0.349349267
48353,0.582168544
48355,0.63809184
48357,0.770044933
48359,0.292377702
48361,0.584697198
48363,0.555915379
48365,0.615979725
48367,0.444758538
48369,0.584659033
48371,0.514579082
48373,0.341001137
48375,0.775254166
48377,0.720110912
48379,0.458566261
48381,0.494611127
48383,0.667060561
48385,0.704496012
48387,0.533787866
48389,0.25678058
48391,0.820798101
48393,0.620314389
48395,0.66706451
48397,0.741483412
48399,0.854545455
48401,0.432623434
48403,0.679300586
48405,0.493685274
48407,0.213159623
48409,0.626456258
48411,0.777661431
48413,1.139534884
48415,0.575301205
48417,0.585829308
48419,0.535051203
48421,0.70992092
48423,0.615550007
48425,0.564801738
48427,0.843658981
48429,0.823975387
48431,0.725218659
48433,1.669879518
48435,0.853795967
48437,0.695452589
48439,0.606633059
48441,0.627702363
48443,1.011842105
48445,0.593948102
48447,1.113888889
48449,0.930649342
48451,0.601543295
48453,0.438666303
48455,0.481326276
48457,0.52646732
48459,0.445001467
48461,0.956771463
48463,0.571323889
48465,0.415542386
48467,0.426311281
48469,0.563803809
48471,0.531413613
48473,0.335739691
48475,0.672706974
48477,0.714453289
48479,0.686785417
48481,0.733245129
48483,0.365330661
48485,0.683409354
48487,0.864592225
48489,0.229666733
48491,0.407326889
48493,0.405261994
48495,0.518290335
48497,0.460761744
48499,0.688736258
48501,0.90109176
48503,0.882073096
48505,0.650370797
48507,0.96483971
49001,0.645503394
49003,0.900461277
49005,0.821612569
49007,0.616059181
49009,0.511229947
49011,0.761422635
49013,0.581139008
49015,0.614656489
49017,0.973244147
49019,0.409556314
49021,0.541500113
49023,0.698116409
49025,0.632189905
49027,0.790674374
49029,0.874827166
49031,0.569541029
49033,1.100796813
49035,0.673777756
49037,0.478096156
49039,0.651932342
49041,0.623594461
49043,0.500129849
49045,0.71083111
49047,0.513924761
49049,0.890406264
49051,0.538863976
49053,0.740552144
49055,0.7614642
49057,0.644089191
50001,0.318818082
50003,0.3851715
50005,0.381999802
50007,0.532303963
50009,0.171621622
50011,0.366856205
50013,0.378856438
50015,0.245712083
50017,0.101615603
50019,0.243967437
50021,0.399805191
50023,0.425284666
50025,0.270798388
50027,0.248541201
51001,0.430880196
51003,0.290128564
51510,0.398176425
51005,0.450305459
51007,0.344138711
51009,0.57038362
51011,0.627520318
51013,0.348000989
51015,0.378269903
51017,0.335471608
51019,0.404809846
51021,0.28692185
51023,0.506399571
51520,1.053313201
51025,0.53839359
51027,0.253009089
51029,0.2101165
51530,0.821563018
51031,0.530540793
51033,0.338718555
51035,0.405830904
51036,0.559131847
51037,0.464480874
51540,0.806220867
51550,0.447935627
51041,0.493279349
51043,0.382195765
51570,1.079746835
51580,0.817500436
51045,0.356091578
51047,0.468983102
51049,0.451369509
51590,0.727588636
51051,0.17643727
51053,0.349339822
51595,0.818938606
51057,0.469855647
51600,0.942060797
51059,0.479904095
51610,0.974416701
51061,0.403332785
51063,0.340721117
51065,0.244926419
51620,1.085085575
51067,0.487838904
51069,0.331233113
51630,1.328389679
51640,0.739285714
51071,0.511884196
51073,0.346490662
51075,0.463744085
51077,0.380551751
51079,0.206792526
51081,0.216311123
51083,0.597760273
51650,0.523201213
51085,0.520517553
51660,0.562280465
51087,0.53988319
51089,0.539432362
51091,0.55421147
51670,0.454044197
51093,0.472439517
51095,0.440156414
51097,0.427512107
51099,0.234142873
51101,0.323582257
51103,0.648319443
51105,0.596671628
51678,0.920628415
51107,0.28715148
51109,0.307107139
51111,0.332858579
51680,0.718880128
51113,0.426176194
51683,0.862409988
51685,0.110749753
51690,1.236929922
51115,0.808976913
51117,0.443385336
51119,0.381176471
51121,0.332547808
51125,0.549170897
51127,0.279320113
51700,0.445671608
51710,0.477557194
51131,0.505943657
51133,0.377227806
51720,0.478437754
51135,0.384605549
51137,0.40599658
51139,0.317558733
51141,0.426169923
51730,0.887231753
51143,0.42217484
51735,0.359390048
51740,0.512904049
51145,0.435433356
51147,0.301936015
51149,0.240897466
51153,0.410284859
51155,0.340207101
51750,0.503795893
51157,0.387452368
51760,0.716539429
51159,0.499831895
51770,0.692213856
51161,0.413673926
51163,0.340309051
51165,0.479613644
51167,0.472945192
51775,0.746192693
51169,0.414256581
51171,0.40610148
51173,0.355201342
51175,0.484552123
51177,0.403143567
51179,0.306308029
51790,0.59231068
51800,0.342892583
51181,0.492607834
51183,0.369009142
51185,0.314774048
51810,0.380148867
51187,0.386672232
51191,0.54656531
51820,0.678680843
51193,0.43659685
51830,0.492771475
51840,0.763655761
51195,0.304373097
51197,0.480063627
51199,0.455307302
53001,0.537088245
53003,0.282387256
53005,0.535144751
53007,0.659660571
53009,0.356827166
53011,0.390992845
53013,0.268218623
53015,0.36716337
53017,0.283129163
53019,0.300362218
53021,0.503571096
53023,0.422134733
53025,0.509730335
53027,0.284176847
53029,0.557560128
53031,0.207417291
53033,0.39072995
53035,0.441274115
53037,0.255317229
53039,0.2488234
53041,0.366760399
53043,0.378539904
53045,0.26526793
53047,0.349752993
53049,0.300620586
53051,0.339974629
53053,0.445667821
53055,0.236114234
53057,0.38573072
53059,0.198570954
53061,0.428934111
53063,0.424089487
53065,0.328086985
53067,0.365480184
53069,0.311849842
53071,0.399766714
53073,0.437047878
53075,0.308548559
53077,0.465208314
54001,0.444228904
54003,0.276262328
54005,0.235132285
54007,0.44018639
54009,0.293319739
54011,0.508839428
54013,0.270829989
54015,0.269407527
54017,0.240778689
54019,0.356648884
54021,0.262014039
54023,0.366526968
54025,0.438457106
54027,0.288442385
54029,0.485478605
54031,0.439960836
54033,0.579344974
54035,0.478104422
54037,0.334326961
54039,0.408033417
54041,0.313978747
54043,0.17455896
54045,0.254982037
54049,0.467520683
54051,0.373966199
54053,0.233214159
54047,0.219611742
54055,0.517246581
54057,0.374972158
54059,0.295230821
54061,0.262705298
54063,0.259938591
54065,0.26044658
54067,0.38388067
54069,0.532280495
54071,0.63470617
54073,0.266170129
54075,0.349345533
54077,0.323620528
54079,0.399425487
54081,0.31989114
54083,0.367642847
54085,0.340596874
54087,0.22041631
54089,0.249686429
54091,0.531876684
54093,0.467317362
54095,0.315650186
54097,0.32625126
54099,0.278538813
54101,0.172594891
54103,0.460254812
54105,0.334039276
54107,0.49354655
54109,0.365634646
55001,0.124237436
55003,0.47476134
55005,0.506925564
55007,0.362885327
55009,0.546025899
55011,0.508372757
55013,0.229214571
55015,0.467487891
55017,0.38700092
55019,0.578522173
55021,0.391348949
55023,0.551666356
55025,0.366268094
55027,0.44089221
55029,0.556076631
55031,0.305181172
55033,0.477420775
55035,0.41202346
55037,0.202720491
55039,0.569166811
55041,0.408977013
55043,0.545535061
55045,0.31415631
55047,0.549742349
55049,0.577923995
55051,0.433273586
55053,0.344998818
55055,0.510647821
55057,0.368815031
55059,0.350934963
55061,0.664105432
55063,0.427573189
55065,0.460297393
55067,0.575598994
55069,0.547386944
55071,0.575289765
55073,0.508553542
55075,0.551466374
55077,0.339982042
55078,0.243948296
55079,0.524855533
55081,0.423931365
55083,0.446118311
55085,0.3847536
55087,0.647403057
55089,0.579871698
55091,0.496447117
55093,0.456694779
55095,0.371589924
55097,0.46510934
55099,0.544755941
55101,0.417236897
55103,0.340441516
55105,0.382192844
55107,0.33401466
55111,0.490351718
55113,0.368872413
55115,0.550549155
55117,0.549477269
55109,0.408965532
55119,0.582383368
55121,0.591352406
55123,0.554991209
55125,0.343385256
55127,0.412902196
55129,0.297780184
55131,0.556971651
55133,0.602730369
55135,0.536728943
55137,0.302039152
55139,0.446095615
55141,0.491422642
56001,0.298008957
56003,0.625726933
56005,0.384850934
56007,0.468184632
56009,0.259399316
56011,0.421111266
56013,0.373884896
56015,0.255320851
56017,0.393421337
56019,0.384041672
56021,0.320936804
56023,0.65241816
56025,0.407191545
56027,0.321443048
56029,0.466479881
56031,0.4
56033,0.370686588
56035,0.299495875
56037,0.45093679
56039,0.449530667
56041,0.621515892
56043,0.663370202
56045,0.361655455